"","Sample 1","Sample 2","Sample 3","Sample 4","Sample 5","Sample 6","Sample 7","Sample 8","Sample 9","Sample 10","Sample 11","Sample 12","Sample 13","Sample 14","Sample 15","Sample 16","Sample 17","Sample 18","Sample 19","Sample 20","Sample 21","Sample 22"
"Bacteria",11434.93,3807.98,2642,1979,4045,3075,2714,4705.99,5952,3159,3986.97,2860,6765,15985.96,10055.98,7699.92,14972.94,10661.97,11540.98,11657.99,13385.99,2764.99
"Bacteria.Acidobacteria",0,0,0,0,0,0,0,0,0,0,0,0,0,0,0,0,0,0,0,0,0,0
"Bacteria.Acidobacteria.Acidobacteria_Gp3",0,0,0,0,0,0,0,0,0,0,0,0,0,0,0,0,0,0,0,0,0,0
"Bacteria.Acidobacteria.Acidobacteria_Gp3.Gp3",0,0,0,0,0,0,0,0,0,0,0,0,0,0,0,0,0,0,0,0,0,0
"Bacteria.Acidobacteria.Acidobacteria_Gp3.Gp3.Gp3U",0,0,0,0,0,0,0,0,0,0,0,0,0,0,0,0,0,0,0,0,0,0
"Bacteria.Acidobacteria.Acidobacteria_Gp3.Gp3.Gp3U.Gp3UU",0,0,0,0,0,0,0,0,0,0,0,0,0,0,0,0,0,0,0,0,0,0
"Bacteria.Acidobacteria.Acidobacteria_Gp4",0,0,0,0,0,0,0,0,0,0,0,0,0,0,0,0,0,0,0,0,0,0
"Bacteria.Acidobacteria.Acidobacteria_Gp4.Gp4",0,0,0,0,0,0,0,0,0,0,0,0,0,0,0,0,0,0,0,0,0,0
"Bacteria.Acidobacteria.Acidobacteria_Gp4.Gp4.Gp4U",0,0,0,0,0,0,0,0,0,0,0,0,0,0,0,0,0,0,0,0,0,0
"Bacteria.Acidobacteria.Acidobacteria_Gp4.Gp4.Gp4U.Gp4UU",0,0,0,0,0,0,0,0,0,0,0,0,0,0,0,0,0,0,0,0,0,0
"Bacteria.Actinobacteria",2400,290,133.98,126.99,326.93,59,112,237,135,118,41,158,84,900.9,531.99,532,1388.88,680.99,754.93,143,590.99,189
"Bacteria.Actinobacteria.Actinobacteria",2400,290,133.98,126.99,326.93,59,112,237,135,118,41,158,84,900.9,531.99,532,1388.88,680.99,754.93,143,590.99,189
"Bacteria.Actinobacteria.Actinobacteria.ActinobacteriaU",0,0,0,0,0,0,0,0,0,0,0,0,0,0,0,0,0,0,0,0,0,0
"Bacteria.Actinobacteria.Actinobacteria.ActinobacteriaU.ActinobacteriaUU",0,0,0,0,0,0,0,0,0,0,0,0,0,0,0,0,0,0,0,0,0,0
"Bacteria.Actinobacteria.Actinobacteria.ActinobacteriaU.ActinobacteriaUU.ActinobacteriaUUU",0,0,0,0,0,0,0,0,0,0,0,0,0,0,0,0,0,0,0,0,0,0
"Bacteria.Actinobacteria.Actinobacteria.Actinomycetales",2382.99,240,93.91,113.97,231.93,55,73,149,82,95,38,117,84,874.9,496.99,527,1176.87,632.99,738.93,135.97,562.96,175.99
"Bacteria.Actinobacteria.Actinobacteria.Actinomycetales.Actinomycetaceae",2348.55,223.57,77.63,80.82,154.24,41.99,59.71,125.89,64,83.91,24.97,80.91,51,613.63,465.95,449.66,1113.73,530.21,347.21,77.97,443.84,161.77
"Bacteria.Actinobacteria.Actinobacteria.Actinomycetales.Actinomycetaceae.Actinobaculum",0,0,0,0,0,0,0,0,0,0,0,0,0,0,0,0,0,0,0,0,0,0
"Bacteria.Actinobacteria.Actinobacteria.Actinomycetales.Actinomycetaceae.Actinomyces",2348.47,222.12,76.55,80.76,153.26,41.98,57.78,124.86,64,82.9,24.95,80.91,51,611.9,462.38,449.34,1110.43,528.86,345.4,77.96,443.68,158.54
"Bacteria.Actinobacteria.Actinobacteria.Actinomycetales.Actinomycetaceae.ActinomycetaceaeU",0,0,0,0,0,0,0,0,0,0,0,0,0,0,0,0,0,0,0,0,0,0
"Bacteria.Actinobacteria.Actinobacteria.Actinomycetales.Actinomycetaceae.Arcanobacterium",0,0,0,0,0,0,0,0,0,0,0,0,0,0,0,0,0,0,0,0,0,0
"Bacteria.Actinobacteria.Actinobacteria.Actinomycetales.Actinomycetaceae.Mobiluncus",0,0,0,0,0,0,1,1,0,1,0,0,0,0,0,0,0,0,0,0,0,2
"Bacteria.Actinobacteria.Actinobacteria.Actinomycetales.ActinomycetalesU",0,0,0,0,0,0,0,0,0,0,0,0,0,0,0,0,0,0,0,0,0,0
"Bacteria.Actinobacteria.Actinobacteria.Actinomycetales.ActinomycetalesU.ActinomycetalesUU",0,0,0,0,0,0,0,0,0,0,0,0,0,0,0,0,0,0,0,0,0,0
"Bacteria.Actinobacteria.Actinobacteria.Actinomycetales.Cellulomonadaceae",0,0,0,0,0,0,0,0,0,0,0,0,0,0,0,0,0,0,0,0,0,0
"Bacteria.Actinobacteria.Actinobacteria.Actinomycetales.Cellulomonadaceae.Cellulomonas",0,0,0,0,0,0,0,0,0,0,0,0,0,0,0,0,0,0,0,0,0,0
"Bacteria.Actinobacteria.Actinobacteria.Actinomycetales.Corynebacteriaceae",20,2,1,1.99,1.98,2,0,2,2.99,0,0,0,5.99,105.68,0,19.99,6,6.89,1,1,37.54,0
"Bacteria.Actinobacteria.Actinobacteria.Actinomycetales.Corynebacteriaceae.CorynebacteriaceaeU",0,0,0,0,0,0,0,0,0,0,0,0,0,0,0,0,0,0,0,0,0,0
"Bacteria.Actinobacteria.Actinobacteria.Actinomycetales.Corynebacteriaceae.Corynebacterium",20,2,1,1.98,1.98,2,0,2,2.98,0,0,0,5.99,105.58,0,19.98,6,6.88,1,1,37.5,0
"Bacteria.Actinobacteria.Actinobacteria.Actinomycetales.Dermabacteraceae",0,0,0,0,0,0,0,0,0,0,0,0,0,0,0,0,0,0,0,0,0,0
"Bacteria.Actinobacteria.Actinobacteria.Actinomycetales.Dermabacteraceae.DermabacteraceaeU",0,0,0,0,0,0,0,0,0,0,0,0,0,0,0,0,0,0,0,0,0,0
"Bacteria.Actinobacteria.Actinobacteria.Actinomycetales.Geodermatophilaceae",0,0,0,0,0,0,0,0,0,0,0,0,0,0,0,0,0,0,0,0,0,0
"Bacteria.Actinobacteria.Actinobacteria.Actinomycetales.Geodermatophilaceae.GeodermatophilaceaeU",0,0,0,0,0,0,0,0,0,0,0,0,0,0,0,0,0,0,0,0,0,0
"Bacteria.Actinobacteria.Actinobacteria.Actinomycetales.Geodermatophilaceae.Modestobacter",0,0,0,0,0,0,0,0,0,0,0,0,0,0,0,0,0,0,0,0,0,0
"Bacteria.Actinobacteria.Actinobacteria.Actinomycetales.Intrasporangiaceae",0,0,0,0,0,0,0,0,0,0,0,0,0,0,1,0,0,0,0,0,0,0
"Bacteria.Actinobacteria.Actinobacteria.Actinomycetales.Intrasporangiaceae.Janibacter",0,0,0,0,0,0,0,0,0,0,0,0,0,0,0,0,0,0,0,0,0,0
"Bacteria.Actinobacteria.Actinobacteria.Actinomycetales.Intrasporangiaceae.Ornithinimicrobium",0,0,0,0,0,0,0,0,0,0,0,0,0,0,1,0,0,0,0,0,0,0
"Bacteria.Actinobacteria.Actinobacteria.Actinomycetales.Jonesiaceae",0,0,0,0,0,0,0,0,0,0,0,0,0,0,0,0,0,0,0,0,0,0
"Bacteria.Actinobacteria.Actinobacteria.Actinomycetales.Jonesiaceae.Jonesia",0,0,0,0,0,0,0,0,0,0,0,0,0,0,0,0,0,0,0,0,0,0
"Bacteria.Actinobacteria.Actinobacteria.Actinomycetales.Microbacteriaceae",0,0,0,0,0,0,0,0,0,0,0,0,0,0,0,0,0,0,0,0,0,0
"Bacteria.Actinobacteria.Actinobacteria.Actinomycetales.Microbacteriaceae.Curtobacterium",0,0,0,0,0,0,0,0,0,0,0,0,0,0,0,0,0,0,0,0,0,0
"Bacteria.Actinobacteria.Actinobacteria.Actinomycetales.Microbacteriaceae.MicrobacteriaceaeU",0,0,0,0,0,0,0,0,0,0,0,0,0,0,0,0,0,0,0,0,0,0
"Bacteria.Actinobacteria.Actinobacteria.Actinomycetales.Microbacteriaceae.Microbacterium",0,0,0,0,0,0,0,0,0,0,0,0,0,0,0,0,0,0,0,0,0,0
"Bacteria.Actinobacteria.Actinobacteria.Actinomycetales.Microbacteriaceae.Microcella",0,0,0,0,0,0,0,0,0,0,0,0,0,0,0,0,0,0,0,0,0,0
"Bacteria.Actinobacteria.Actinobacteria.Actinomycetales.Microbacteriaceae.Rathayibacter",0,0,0,0,0,0,0,0,0,0,0,0,0,0,0,0,0,0,0,0,0,0
"Bacteria.Actinobacteria.Actinobacteria.Actinomycetales.Micrococcaceae",14,13.99,14,28.9,73.58,8.99,12,16.85,5,11,12.99,34.77,17.9,154.97,27.97,47.96,54,82.64,389.6,7,46.95,14
"Bacteria.Actinobacteria.Actinobacteria.Actinomycetales.Micrococcaceae.Arthrobacter",0,0,0,0,0,0,0,0,0,0,0,0,0,0,0,0,0,0,0,0,0,0
"Bacteria.Actinobacteria.Actinobacteria.Actinomycetales.Micrococcaceae.Kocuria",0,0,0,0,0,0,0,0,0,0,0,0,0,0,0,0,0,0,0,0,0,0
"Bacteria.Actinobacteria.Actinobacteria.Actinomycetales.Micrococcaceae.MicrococcaceaeU",0,0,0,0,0,0,0,0,0,0,0,0,0,0,0,0,0,0,0,0,0,0
"Bacteria.Actinobacteria.Actinobacteria.Actinomycetales.Micrococcaceae.Micrococcus",0,0,0,0,0,0,0,0,0,0,0,0,0,0,0,0,0,0,0,0,0,0
"Bacteria.Actinobacteria.Actinobacteria.Actinomycetales.Micrococcaceae.Rothia",14,13.85,13.98,28.5,71.83,8.69,11.81,15.93,4.9,10.99,12.97,33.55,16.65,153.23,26.75,46.62,53.69,81.36,384.27,7,46.86,13.95
"Bacteria.Actinobacteria.Actinobacteria.Actinomycetales.Nocardiaceae",0,0,0,0,0,0,0,0,0,0,0,0,0,0,0,0,0,0,0,0,0,0
"Bacteria.Actinobacteria.Actinobacteria.Actinomycetales.Nocardiaceae.Rhodococcus",0,0,0,0,0,0,0,0,0,0,0,0,0,0,0,0,0,0,0,0,0,0
"Bacteria.Actinobacteria.Actinobacteria.Actinomycetales.Nocardioidaceae",0,0,0,0,0,0,0,0,0,0,0,0,0,0,0,0,0,0,0,0,0,0
"Bacteria.Actinobacteria.Actinobacteria.Actinomycetales.Nocardioidaceae.Marmoricola",0,0,0,0,0,0,0,0,0,0,0,0,0,0,0,0,0,0,0,0,0,0
"Bacteria.Actinobacteria.Actinobacteria.Actinomycetales.Propionibacteriaceae",0,0,0,1,0,2,1,4,9,0,0,1,9,0,1,9,1,10,0,49,31,0
"Bacteria.Actinobacteria.Actinobacteria.Actinomycetales.Propionibacteriaceae.Friedmanniella",0,0,0,0,0,0,0,0,0,0,0,0,0,0,0,0,0,0,0,0,0,0
"Bacteria.Actinobacteria.Actinobacteria.Actinomycetales.Propionibacteriaceae.PropionibacteriaceaeU",0,0,0,0,0,0,0,0,0,0,0,0,0,0,0,0,0,0,0,0,0,0
"Bacteria.Actinobacteria.Actinobacteria.Actinomycetales.Propionibacteriaceae.Propionibacterium",0,0,0,1,0,2,1,4,9,0,0,1,8,0,1,7,1,10,0,49,30.99,0
"Bacteria.Actinobacteria.Actinobacteria.Actinomycetales.Streptomycetaceae",0,0,0,0,0,0,0,0,0,0,0,0,0,0,0,0,0,0,0,0,0,0
"Bacteria.Actinobacteria.Actinobacteria.Actinomycetales.Streptomycetaceae.Streptomyces",0,0,0,0,0,0,0,0,0,0,0,0,0,0,0,0,0,0,0,0,0,0
"Bacteria.Actinobacteria.Actinobacteria.Bifidobacteriales",0,0,1,0,0,0,0,0,1,0,0,1,0,0,0,0,3,1,1,0,3,0
"Bacteria.Actinobacteria.Actinobacteria.Bifidobacteriales.Bifidobacteriaceae",0,0,1,0,0,0,0,0,1,0,0,1,0,0,0,0,3,1,1,0,3,0
"Bacteria.Actinobacteria.Actinobacteria.Bifidobacteriales.Bifidobacteriaceae.Alloscardovia",0,0,0,0,0,0,0,0,0,0,0,0,0,0,0,0,0,0.95,0,0,0,0
"Bacteria.Actinobacteria.Actinobacteria.Bifidobacteriales.Bifidobacteriaceae.BifidobacteriaceaeU",0,0,0,0,0,0,0,0,0,0,0,0,0,0,0,0,0,0,0,0,0,0
"Bacteria.Actinobacteria.Actinobacteria.Bifidobacteriales.Bifidobacteriaceae.Bifidobacterium",0,0,0,0,0,0,0,0,1,0,0,1,0,0,0,0,3,0,1,0,2,0
"Bacteria.Actinobacteria.Actinobacteria.Bifidobacteriales.Bifidobacteriaceae.Gardnerella",0,0,0,0,0,0,0,0,0,0,0,0,0,0,0,0,0,0,0,0,0,0
"Bacteria.Actinobacteria.Actinobacteria.Bifidobacteriales.Bifidobacteriaceae.Parascardovia",0,0,0,0,0,0,0,0,0,0,0,0,0,0,0,0,0,0,0,0,0,0
"Bacteria.Actinobacteria.Actinobacteria.Bifidobacteriales.Bifidobacteriaceae.Scardovia",0,0,0,0,0,0,0,0,0,0,0,0,0,0,0,0,0,0,0,0,0.82,0
"Bacteria.Actinobacteria.Actinobacteria.Coriobacteriales",17,50,39,13,95,4,39,88,52,23,3,40,0,26,35,5,209,47,15,7,25,13
"Bacteria.Actinobacteria.Actinobacteria.Coriobacteriales.Coriobacteriaceae",17,50,39,13,95,4,39,88,52,23,3,40,0,26,35,5,209,47,15,7,25,13
"Bacteria.Actinobacteria.Actinobacteria.Coriobacteriales.Coriobacteriaceae.Atopobium",17,50,38.99,12,95,4,38.98,88,52,23,3,36,0,26,35,5,209,47,15,5,23,13
"Bacteria.Actinobacteria.Actinobacteria.Coriobacteriales.Coriobacteriaceae.Collinsella",0,0,0,0,0,0,0,0,0,0,0,0,0,0,0,0,0,0,0,2,1,0
"Bacteria.Actinobacteria.Actinobacteria.Coriobacteriales.Coriobacteriaceae.Cryptobacterium",0,0,0,1,0,0,0,0,0,0,0,4,0,0,0,0,0,0,0,0,0,0
"Bacteria.Actinobacteria.Actinobacteria.Coriobacteriales.Coriobacteriaceae.Eggerthella",0,0,0,0,0,0,0,0,0,0,0,0,0,0,0,0,0,0,0,0,0,0
"Bacteria.Actinobacteria.Actinobacteria.Coriobacteriales.Coriobacteriaceae.Olsenella",0,0,0,0,0,0,0,0,0,0,0,0,0,0,0,0,0,0,0,0,1,0
"Bacteria.Actinobacteria.Actinobacteria.Coriobacteriales.Coriobacteriaceae.Slackia",0,0,0,0,0,0,0,0,0,0,0,0,0,0,0,0,0,0,0,0,0,0
"Bacteria.BacteriaU",0,0,0,0,0,0,0,0,0,0,0,0,0,0,0,0,0,0,0,0,0,0
"Bacteria.BacteriaU.BacteriaUU",0,0,0,0,0,0,0,0,0,0,0,0,0,0,0,0,0,0,0,0,0,0
"Bacteria.BacteriaU.BacteriaUU.BacteriaUUU",0,0,0,0,0,0,0,0,0,0,0,0,0,0,0,0,0,0,0,0,0,0
"Bacteria.BacteriaU.BacteriaUU.BacteriaUUU.BacteriaUUUU",0,0,0,0,0,0,0,0,0,0,0,0,0,0,0,0,0,0,0,0,0,0
"Bacteria.BacteriaU.BacteriaUU.BacteriaUUU.BacteriaUUUU.BacteriaUUUUU",0,0,0,0,0,0,0,0,0,0,0,0,0,0,0,0,0,0,0,0,0,0
"Bacteria.Bacteroidetes",3105.49,448.12,472.71,392.54,1251.38,284.56,490.88,857.83,1060.76,613.47,397.42,297,486.76,1953.63,1130.6,1221.43,4215.87999999998,1048.12,1584.37,446.98,2130.93,329.74
"Bacteria.Bacteroidetes.BacteroidetesU",0,0,0,0,0,0,0,0,0,0,0,0,0,0,0,0,0,0,0,0,0,0
"Bacteria.Bacteroidetes.BacteroidetesU.BacteroidetesUU",0,0,0,0,0,0,0,0,0,0,0,0,0,0,0,0,0,0,0,0,0,0
"Bacteria.Bacteroidetes.BacteroidetesU.BacteroidetesUU.BacteroidetesUUU",0,0,0,0,0,0,0,0,0,0,0,0,0,0,0,0,0,0,0,0,0,0
"Bacteria.Bacteroidetes.BacteroidetesU.BacteroidetesUU.BacteroidetesUUU.BacteroidetesUUUU",0,0,0,0,0,0,0,0,0,0,0,0,0,0,0,0,0,0,0,0,0,0
"Bacteria.Bacteroidetes.Bacteroidia",2450.71,443.27,442.64,352.53,1245.73,257.98,483.68,830.860000000001,1044.24,560.16,264.53,284,460.9,1879.79,1109.88,1060.11,4171.78999999997,1039.27,1569.05,410.99,1820.99,324.36
"Bacteria.Bacteroidetes.Bacteroidia.Bacteroidales",2450.71,443.27,442.64,352.53,1245.73,257.98,483.68,830.860000000001,1044.24,560.16,264.53,284,460.9,1879.79,1109.88,1060.11,4171.78999999997,1039.27,1569.05,410.99,1820.99,324.36
"Bacteria.Bacteroidetes.Bacteroidia.Bacteroidales.Bacteroidaceae",1,1,4,0,1,2,0,0.8,332,4,0,1,2,4.89,0.83,9,9,22,14,57,56,0
"Bacteria.Bacteroidetes.Bacteroidia.Bacteroidales.Bacteroidaceae.Bacteroides",1,1,4,0,1,2,0,0.8,332,4,0,1,2,4.89,0.83,9,9,22,14,57,56,0
"Bacteria.Bacteroidetes.Bacteroidia.Bacteroidales.Bacteroidales_incertae_sedis",0,0,0,0,0,0,0,0,0,0,0,0,0,0,0,0,0,0,0,0,0,0
"Bacteria.Bacteroidetes.Bacteroidia.Bacteroidales.Bacteroidales_incertae_sedis.Phocaeicola",0,0,0,0,0,0,0,0,0,0,0,0,0,0,0,0,0,0,0,0,0,0
"Bacteria.Bacteroidetes.Bacteroidia.Bacteroidales.BacteroidalesU",0,0,0,0,0,0,0,0,0,0,0,0,0,0,0,0,0,0,0,0,0,0
"Bacteria.Bacteroidetes.Bacteroidia.Bacteroidales.BacteroidalesU.BacteroidalesUU",0,0,0,0,0,0,0,0,0,0,0,0,0,0,0,0,0,0,0,0,0,0
"Bacteria.Bacteroidetes.Bacteroidia.Bacteroidales.Porphyromonadaceae",446.96,2,52,26,0,101,1,14,129.66,42,92.92,2,214.99,552.6,77,376.95,167.6,6,592.84,151,200.98,5
"Bacteria.Bacteroidetes.Bacteroidia.Bacteroidales.Porphyromonadaceae.Barnesiella",0,0,0,0,0,0,0,0,25.28,0,0,1,0,0,0,0,0,0,0,0,5,0
"Bacteria.Bacteroidetes.Bacteroidia.Bacteroidales.Porphyromonadaceae.Butyricimonas",0,0,0,0,0,0,0,0,1,0,0,0,0,0,0,0,0,0,0,0,0,0
"Bacteria.Bacteroidetes.Bacteroidia.Bacteroidales.Porphyromonadaceae.Dysgonomonas",0,0,0,0,0,0,0,0,0,0,0,0,0,0,0,0,0,0,0,0,0,0
"Bacteria.Bacteroidetes.Bacteroidia.Bacteroidales.Porphyromonadaceae.Odoribacter",0,1,0,0,0,0,0,0,2,0,0,0,0,0,0,0,0,0,2,1,0,0
"Bacteria.Bacteroidetes.Bacteroidia.Bacteroidales.Porphyromonadaceae.Parabacteroides",0,1,0,0,0,0,0,0,70,1,0,0,0,0,0,1,0,0,1,120,0,0
"Bacteria.Bacteroidetes.Bacteroidia.Bacteroidales.Porphyromonadaceae.PorphyromonadaceaeU",0,0,0,0,0,0,0,0,0,0,0,0,0,0,0,0,0,0,0,0,0,0
"Bacteria.Bacteroidetes.Bacteroidia.Bacteroidales.Porphyromonadaceae.Porphyromonas",315.41,0,48.87,24.91,0,99.74,1,13.98,8.98,35.88,84.74,1,212.72,543.500000000001,76.82,353.28,133.85,5.98,585.310000000001,28.96,172.41,2
"Bacteria.Bacteroidetes.Bacteroidia.Bacteroidales.Porphyromonadaceae.Tannerella",126.72,0,2.88,1,0,0.94,0,0,0,4.89,5.83,0,1.96,1.94,0,20.37,13,0,0.95,0.98,22.32,2.94
"Bacteria.Bacteroidetes.Bacteroidia.Bacteroidales.Prevotellaceae",1922.62,387.63,366.79,310.48,1197.12,114.81,456.09,709.6,528.73,471.32,137.3,281,191.48,1201.6,999.07,458.26,3365.41,941.28,862.95,189.81,1483.73,300.24
"Bacteria.Bacteroidetes.Bacteroidia.Bacteroidales.Prevotellaceae.Hallella",0,0,0,0,0,0,0,0,0,0,0,0,0,0,0,0,0,0,0,0,0,0
"Bacteria.Bacteroidetes.Bacteroidia.Bacteroidales.Prevotellaceae.Paraprevotella",0,0,0,0,0,0,0,0,0,0,0,0,0,0,0,0,0,1,0,0,0,0
"Bacteria.Bacteroidetes.Bacteroidia.Bacteroidales.Prevotellaceae.Prevotella",1737.31,372.93,365.92,306.72,1185.49,109,450.97,649.06,526,453.88,124.79,280.99,150.94,1142.22,972.95,401.7,3086.95,916.85,799.84,188.97,1380.83,277.81
"Bacteria.Bacteroidetes.Bacteroidia.Bacteroidales.Prevotellaceae.PrevotellaceaeU",0,0,0,0,0,0,0,0,0,0,0,0,0,0,0,0,0,0,0,0,0,0
"Bacteria.Bacteroidetes.Bacteroidia.Bacteroidales.Rikenellaceae",0,0,1,0,0,0,0,0,45.94,0,0,0,0,0,0,1.91,0,1,2,13,3,0
"Bacteria.Bacteroidetes.Bacteroidia.Bacteroidales.Rikenellaceae.Alistipes",0,0,1,0,0,0,0,0,45,0,0,0,0,0,0,0,0,1,2,13,3,0
"Bacteria.Bacteroidetes.Bacteroidia.Bacteroidales.Rikenellaceae.RikenellaceaeU",0,0,0,0,0,0,0,0,0,0,0,0,0,0,0,0,0,0,0,0,0,0
"Bacteria.Bacteroidetes.Flavobacteria",646,4,27.98,37,2,22.98,7,25,13,48.99,128.82,13,23,69.98,20,133.99,16,7.99,10,35.98,281,5
"Bacteria.Bacteroidetes.Flavobacteria.Flavobacteriales",646,4,27.98,37,2,22.98,7,25,13,48.99,128.82,13,23,69.98,20,133.99,16,7.99,10,35.98,281,5
"Bacteria.Bacteroidetes.Flavobacteria.Flavobacteriales.Flavobacteriaceae",646,4,27.97,37,2,22.98,7,24.98,13,48.99,128.8,13,23,69.98,20,133.99,16,7.99,10,35.98,281,5
"Bacteria.Bacteroidetes.Flavobacteria.Flavobacteriales.Flavobacteriaceae.Capnocytophaga",641,1,10,36.99,2,18,2,7,9,46,124.79,13,20,55,17,122,10.96,6,6,5,272,5
"Bacteria.Bacteroidetes.Flavobacteria.Flavobacteriales.Flavobacteriaceae.Chryseobacterium",0,0,0,0,0,0,0,1,0,0,0,0,0,0,0,0,0,0,0,0,4,0
"Bacteria.Bacteroidetes.Flavobacteria.Flavobacteriales.Flavobacteriaceae.Cloacibacterium",0,0,0,0,0,0,0,0,0,0,0,0,0,0,0,0,0,0,0,0,0,0
"Bacteria.Bacteroidetes.Flavobacteria.Flavobacteriales.Flavobacteriaceae.FlavobacteriaceaeU",0,0,0,0,0,0,0,0,0,0,0,0,0,0,0,0,0,0,0,0,0,0
"Bacteria.Bacteroidetes.Flavobacteria.Flavobacteriales.Flavobacteriaceae.Flavobacterium",0,0,0,0,0,0,0,0,0,0,0,0,0,0,0,0,0,0,0,0,0,0
"Bacteria.Bacteroidetes.Flavobacteria.Flavobacteriales.Flavobacteriaceae.Planobacterium",0,0,0,0,0,0,0,0,0,0,0,0,0,0,0,0,0,0,0,0.8,0,0
"Bacteria.Bacteroidetes.Sphingobacteria",0,0,0,0,0,0,0,0,0,0,0,0,0,0,0,0,0,0,0,0,0,0
"Bacteria.Bacteroidetes.Sphingobacteria.Sphingobacteriales",0,0,0,0,0,0,0,0,0,0,0,0,0,0,0,0,0,0,0,0,0,0
"Bacteria.Bacteroidetes.Sphingobacteria.Sphingobacteriales.Chitinophagaceae",0,0,0,0,0,0,0,0,0,0,0,0,0,0,0,0,0,0,0,0,0,0
"Bacteria.Bacteroidetes.Sphingobacteria.Sphingobacteriales.Chitinophagaceae.ChitinophagaceaeU",0,0,0,0,0,0,0,0,0,0,0,0,0,0,0,0,0,0,0,0,0,0
"Bacteria.Bacteroidetes.Sphingobacteria.Sphingobacteriales.Cytophagaceae",0,0,0,0,0,0,0,0,0,0,0,0,0,0,0,0,0,0,0,0,0,0
"Bacteria.Bacteroidetes.Sphingobacteria.Sphingobacteriales.Cytophagaceae.Adhaeribacter",0,0,0,0,0,0,0,0,0,0,0,0,0,0,0,0,0,0,0,0,0,0
"Bacteria.Bacteroidetes.Sphingobacteria.Sphingobacteriales.Cytophagaceae.CytophagaceaeU",0,0,0,0,0,0,0,0,0,0,0,0,0,0,0,0,0,0,0,0,0,0
"Bacteria.Bacteroidetes.Sphingobacteria.Sphingobacteriales.Cytophagaceae.Hymenobacter",0,0,0,0,0,0,0,0,0,0,0,0,0,0,0,0,0,0,0,0,0,0
"Bacteria.Bacteroidetes.Sphingobacteria.Sphingobacteriales.Saprospiraceae",0,0,0,0,0,0,0,0,0,0,0,0,0,0,0,0,0,0,0,0,0,0
"Bacteria.Bacteroidetes.Sphingobacteria.Sphingobacteriales.Saprospiraceae.Haliscomenobacter",0,0,0,0,0,0,0,0,0,0,0,0,0,0,0,0,0,0,0,0,0,0
"Bacteria.Bacteroidetes.Sphingobacteria.Sphingobacteriales.Sphingobacteriaceae",0,0,0,0,0,0,0,0,0,0,0,0,0,0,0,0,0,0,0,0,0,0
"Bacteria.Bacteroidetes.Sphingobacteria.Sphingobacteriales.Sphingobacteriaceae.Sphingobacterium",0,0,0,0,0,0,0,0,0,0,0,0,0,0,0,0,0,0,0,0,0,0
"Bacteria.Bacteroidetes.Sphingobacteria.Sphingobacteriales.SphingobacterialesU",0,0,0,0,0,0,0,0,0,0,0,0,0,0,0,0,0,0,0,0,0,0
"Bacteria.Bacteroidetes.Sphingobacteria.Sphingobacteriales.SphingobacterialesU.SphingobacterialesUU",0,0,0,0,0,0,0,0,0,0,0,0,0,0,0,0,0,0,0,0,0,0
"Bacteria.Chloroflexi",0,0,0,0,0,0,0,0,0,0,0,0,0,0,0,0,0,0,0,0,0,0
"Bacteria.Chloroflexi.Anaerolineae",0,0,0,0,0,0,0,0,0,0,0,0,0,0,0,0,0,0,0,0,0,0
"Bacteria.Chloroflexi.Anaerolineae.Anaerolineales",0,0,0,0,0,0,0,0,0,0,0,0,0,0,0,0,0,0,0,0,0,0
"Bacteria.Chloroflexi.Anaerolineae.Anaerolineales.Anaerolineaceae",0,0,0,0,0,0,0,0,0,0,0,0,0,0,0,0,0,0,0,0,0,0
"Bacteria.Chloroflexi.Anaerolineae.Anaerolineales.Anaerolineaceae.AnaerolineaceaeU",0,0,0,0,0,0,0,0,0,0,0,0,0,0,0,0,0,0,0,0,0,0
"Bacteria.Chloroflexi.Thermomicrobia",0,0,0,0,0,0,0,0,0,0,0,0,0,0,0,0,0,0,0,0,0,0
"Bacteria.Chloroflexi.Thermomicrobia.ThermomicrobiaU",0,0,0,0,0,0,0,0,0,0,0,0,0,0,0,0,0,0,0,0,0,0
"Bacteria.Chloroflexi.Thermomicrobia.ThermomicrobiaU.ThermomicrobiaUU",0,0,0,0,0,0,0,0,0,0,0,0,0,0,0,0,0,0,0,0,0,0
"Bacteria.Chloroflexi.Thermomicrobia.ThermomicrobiaU.ThermomicrobiaUU.ThermomicrobiaUUU",0,0,0,0,0,0,0,0,0,0,0,0,0,0,0,0,0,0,0,0,0,0
"Bacteria.Cyanobacteria",0,0,14,0,1,0,0,1,0,0,0,0,0,0,0,0,0,2,0,0,0,0
"Bacteria.Cyanobacteria.Cyanobacteria",0,0,14,0,1,0,0,1,0,0,0,0,0,0,0,0,0,2,0,0,0,0
"Bacteria.Cyanobacteria.Cyanobacteria.Chloroplast",0,0,14,0,1,0,0,1,0,0,0,0,0,0,0,0,0,2,0,0,0,0
"Bacteria.Cyanobacteria.Cyanobacteria.Chloroplast.Streptophyta",0,0,14,0,1,0,0,1,0,0,0,0,0,0,0,0,0,2,0,0,0,0
"Bacteria.Cyanobacteria.Cyanobacteria.Chloroplast.Streptophyta.StreptophytaU",0,0,0,0,0,0,0,0,0,0,0,0,0,0,0,0,0,0,0,0,0,0
"Bacteria.Cyanobacteria.Cyanobacteria.CyanobacteriaU",0,0,0,0,0,0,0,0,0,0,0,0,0,0,0,0,0,0,0,0,0,0
"Bacteria.Cyanobacteria.Cyanobacteria.CyanobacteriaU.CyanobacteriaUU",0,0,0,0,0,0,0,0,0,0,0,0,0,0,0,0,0,0,0,0,0,0
"Bacteria.Cyanobacteria.Cyanobacteria.CyanobacteriaU.CyanobacteriaUU.CyanobacteriaUUU",0,0,0,0,0,0,0,0,0,0,0,0,0,0,0,0,0,0,0,0,0,0
"Bacteria.Cyanobacteria.Cyanobacteria.Family_IX",0,0,0,0,0,0,0,0,0,0,0,0,0,0,0,0,0,0,0,0,0,0
"Bacteria.Cyanobacteria.Cyanobacteria.Family_IX.GpIX",0,0,0,0,0,0,0,0,0,0,0,0,0,0,0,0,0,0,0,0,0,0
"Bacteria.Cyanobacteria.Cyanobacteria.Family_IX.GpIX.GpIXU",0,0,0,0,0,0,0,0,0,0,0,0,0,0,0,0,0,0,0,0,0,0
"Bacteria.Deinococcus-Thermus",0,0,0,0,0,0,0,0,0,0,0,0,0,0,0,0,0,0,0,0,0,0
"Bacteria.Deinococcus-Thermus.Deinococci",0,0,0,0,0,0,0,0,0,0,0,0,0,0,0,0,0,0,0,0,0,0
"Bacteria.Deinococcus-Thermus.Deinococci.Deinococcales",0,0,0,0,0,0,0,0,0,0,0,0,0,0,0,0,0,0,0,0,0,0
"Bacteria.Deinococcus-Thermus.Deinococci.Deinococcales.Deinococcaceae",0,0,0,0,0,0,0,0,0,0,0,0,0,0,0,0,0,0,0,0,0,0
"Bacteria.Deinococcus-Thermus.Deinococci.Deinococcales.Deinococcaceae.Deinococcus",0,0,0,0,0,0,0,0,0,0,0,0,0,0,0,0,0,0,0,0,0,0
"Bacteria.Firmicutes",3162.47,1051.93,1631.11,973.73,2207.35,1912.7,1477.86,2655.04,4241.86,1294.38,889.07,2322.97,4882.39,6711.69,7156.13,3395.53,8156.34,7430.08,5615.71,6124.56,6900.47,1827.88
"Bacteria.Firmicutes.Bacilli",876,413.93,1145.96,402.9,1143.98,1746.89,982.94,1846.78,3070.96,466,646.93,1862.85,4500.89,5611.57,5874.63,2536.95,5021.76,5581.89,4481.37,5133.91,4691.79,1281.92
"Bacteria.Firmicutes.Bacilli.Bacillales",53,6,48,12,27.99,201,62.99,268,183,26,49,24,578,475.97,158,319,212,50,566.98,729.99,354.97,39
"Bacteria.Firmicutes.Bacilli.Bacillales.Bacillaceae",0,0,0,0,0,0,0,0,11.99,0,0,0,0,0,0,0,0,0,0,2.99,4.93,0.99
"Bacteria.Firmicutes.Bacilli.Bacillales.Bacillaceae.Anoxybacillus",0,0,0,0,0,0,0,0,0,0,0,0,0,0,0,0,0,0,0,0,0,0
"Bacteria.Firmicutes.Bacilli.Bacillales.Bacillaceae.Bacillus",0,0,0,0,0,0,0,0,10.96,0,0,0,0,0,0,0,0,0,0,0,0,0
"Bacteria.Firmicutes.Bacilli.Bacillales.Bacillaceae.Geobacillus",0,0,0,0,0,0,0,0,0,0,0,0,0,0,0,0,0,0,0,0,0,0
"Bacteria.Firmicutes.Bacilli.Bacillales.Bacillaceae.Tumebacillus",0,0,0,0,0,0,0,0,1,0,0,0,0,0,0,0,0,0,0,2.99,4.93,0.99
"Bacteria.Firmicutes.Bacilli.Bacillales.BacillalesU",0,0,0,0,0,0,0,0,0,0,0,0,0,0,0,0,0,0,0,0,0,0
"Bacteria.Firmicutes.Bacilli.Bacillales.BacillalesU.BacillalesUU",0,0,0,0,0,0,0,0,0,0,0,0,0,0,0,0,0,0,0,0,0,0
"Bacteria.Firmicutes.Bacilli.Bacillales.Listeriaceae",0,0,0,0,0,0,0,0,0,0,0,0,0,0,0,0,0,0,0,0,0,0
"Bacteria.Firmicutes.Bacilli.Bacillales.Listeriaceae.Listeria",0,0,0,0,0,0,0,0,0,0,0,0,0,0,0,0,0,0,0,0,0,0
"Bacteria.Firmicutes.Bacilli.Bacillales.Paenibacillaceae",0,0,0,0,0,0,0,0,0,0,0,0,0,0,0,0,0,0,0,0,0,0
"Bacteria.Firmicutes.Bacilli.Bacillales.Paenibacillaceae.Paenibacillus",0,0,0,0,0,0,0,0,0,0,0,0,0,0,0,0,0,0,0,0,0,0
"Bacteria.Firmicutes.Bacilli.Bacillales.Staphylococcaceae",52.99,6,48,12,27.99,201,62.98,268,171,26,49,24,577.99,475.95,158,319,212,50,566.95,727,350,38
"Bacteria.Firmicutes.Bacilli.Bacillales.Staphylococcaceae.Gemella",52.99,6,46,12,27.99,201,62.98,268,165,26,49,24,576.99,475.94,158,319,211,49,566.95,717,350,38
"Bacteria.Firmicutes.Bacilli.Bacillales.Staphylococcaceae.Jeotgalicoccus",0,0,0,0,0,0,0,0,0,0,0,0,0,0,0,0,0,0,0,0,0,0
"Bacteria.Firmicutes.Bacilli.Bacillales.Staphylococcaceae.Staphylococcus",0,0,2,0,0,0,0,0,6,0,0,0,1,0,0,0,1,1,0,10,0,0
"Bacteria.Firmicutes.Bacilli.BacilliU",0,0,0,0,0,0,0,0,0,0,0,0,0,0,0,0,0,0,0,0,0,0
"Bacteria.Firmicutes.Bacilli.BacilliU.BacilliUU",0,0,0,0,0,0,0,0,0,0,0,0,0,0,0,0,0,0,0,0,0,0
"Bacteria.Firmicutes.Bacilli.BacilliU.BacilliUU.BacilliUUU",0,0,0,0,0,0,0,0,0,0,0,0,0,0,0,0,0,0,0,0,0,0
"Bacteria.Firmicutes.Bacilli.Lactobacillales",822.99,407.85,1097.82,390.81,1115.92,1545.86,919.94,1578.75,2887.92,440,597.93,1838.74,3922.86,5135.42,5715.61,2217.9,4809.52,5531.68,3914,4403.81,4336.65,1242.84
"Bacteria.Firmicutes.Bacilli.Lactobacillales.Aerococcaceae",0,0,1,0,0,0,1,0,0,2.99,0,0,0,6.9,1.99,2,4.85,0,4.88,0,79.26,0
"Bacteria.Firmicutes.Bacilli.Lactobacillales.Aerococcaceae.Abiotrophia",0,0,0.99,0,0,0,0.98,0,0,2.99,0,0,0,6,1.95,1,4.74,0,3.97,0,75.91,0
"Bacteria.Firmicutes.Bacilli.Lactobacillales.Aerococcaceae.AerococcaceaeU",0,0,0,0,0,0,0,0,0,0,0,0,0,0,0,0,0,0,0,0,0,0
"Bacteria.Firmicutes.Bacilli.Lactobacillales.Aerococcaceae.Globicatella",0,0,0,0,0,0,0,0,0,0,0,0,0,0,0,1,0,0,0,0,0,0
"Bacteria.Firmicutes.Bacilli.Lactobacillales.Carnobacteriaceae",114.55,21.73,65.64,25.42,150.6,63.94,30.25,35.48,33.4,18.05,66.42,62.26,71.59,354.54,138.47,102.96,112.25,58.81,305.75,278.3,374.360000000001,7.71
"Bacteria.Firmicutes.Bacilli.Lactobacillales.Carnobacteriaceae.CarnobacteriaceaeU",0,0,0,0,0,0,0,0,0,0,0,0,0,0,0,0,0,0,0,0,0,0
"Bacteria.Firmicutes.Bacilli.Lactobacillales.Carnobacteriaceae.Dolosigranulum",0,0,0,0,0,0,0,0,0,0,0,0,0,0,0,0,0,0,0,0,0,0
"Bacteria.Firmicutes.Bacilli.Lactobacillales.Carnobacteriaceae.Granulicatella",113.63,21.69,63.15,23.79,144.61,63.88,29.39,34.64,33.37,18.03,66.22,62.15,71.51,350.75,135.03,101.22,112.14,58.73,301.2,274.51,373.14,7.71
"Bacteria.Firmicutes.Bacilli.Lactobacillales.Enterococcaceae",0,0,0,0,0,0,0,0,0,0,0,0,0,0,0,1,0,0,0,0,0,0
"Bacteria.Firmicutes.Bacilli.Lactobacillales.Enterococcaceae.Enterococcus",0,0,0,0,0,0,0,0,0,0,0,0,0,0,0,0.99,0,0,0,0,0,0
"Bacteria.Firmicutes.Bacilli.Lactobacillales.Lactobacillaceae",1,1,0,0,1,1,0,0,2,0,0,275.37,0,1,22.96,2,0,0,0,6,28.95,0
"Bacteria.Firmicutes.Bacilli.Lactobacillales.Lactobacillaceae.LactobacillaceaeU",0,0,0,0,0,0,0,0,0,0,0,0,0,0,0,0,0,0,0,0,0,0
"Bacteria.Firmicutes.Bacilli.Lactobacillales.Lactobacillaceae.Lactobacillus",1,1,0,0,1,1,0,0,2,0,0,272.2,0,1,22.96,2,0,0,0,6,28.92,0
"Bacteria.Firmicutes.Bacilli.Lactobacillales.LactobacillalesU",0,0,0,0,0,0,0,0,0,0,0,0,0,0,0,0,0,0,0,0,0,0
"Bacteria.Firmicutes.Bacilli.Lactobacillales.LactobacillalesU.LactobacillalesUU",0,0,0,0,0,0,0,0,0,0,0,0,0,0,0,0,0,0,0,0,0,0
"Bacteria.Firmicutes.Bacilli.Lactobacillales.Leuconostocaceae",0,0,0,0,0,0,0,0,0,0,0,0,0,0,0,0,0,0,0,0,0,0
"Bacteria.Firmicutes.Bacilli.Lactobacillales.Leuconostocaceae.Leuconostoc",0,0,0,0,0,0,0,0,0,0,0,0,0,0,0,0,0,0,0,0,0,0
"Bacteria.Firmicutes.Bacilli.Lactobacillales.Leuconostocaceae.Weissella",0,0,0,0,0,0,0,0,0,0,0,0,0,0,0,0,0,0,0,0,0,0
"Bacteria.Firmicutes.Bacilli.Lactobacillales.Streptococcaceae",694.9,378.88,1013.89,345.45,893.39,1470.79,883.85,1529.58,2844.8,416.81,516.96,1485.68,3838.72,4697.66,5518.65999999999,2067.71,4669.91,5435.55,3540.85,4037.64,3783.42,1229.55
"Bacteria.Firmicutes.Bacilli.Lactobacillales.Streptococcaceae.Lactococcus",0,0,0,0,0,0,0,0,0,0,0,0,0,0,0,0,0,0,0,0,0,0
"Bacteria.Firmicutes.Bacilli.Lactobacillales.Streptococcaceae.StreptococcaceaeU",0,0,0,0,0,0,0,0,0,0,0,0,0,0,0,0,0,0,0,0,0,0
"Bacteria.Firmicutes.Bacilli.Lactobacillales.Streptococcaceae.Streptococcus",694.9,378.88,1013.86,345.44,893.39,1470.76,883.82,1529.56,2844.79,416.79,516.95,1485.63,3838.7,4697.57,5518.61,2067.67,4669.86,5435.43,3539.95,4037.62,3782.53,1229.55
"Bacteria.Firmicutes.Clostridia",2281.76,634.27,484.02,569.79,1061.34,165.81,494.82,807.92,1150.84,827.32,241.17,460,380.62,1099.97,1279.24,855.35,3128.07,1846.82,1133.39,987.8,2200.94,544.85
"Bacteria.Firmicutes.Clostridia.Clostridiales",2253.67,628.02,482.89,567.73,1061.1,165.72,494.8,804.28,1150.44,821.85,237.37,460,380.57,1099.7,1279.13,848.73,3108.09,1842.38,1133.25,987.72,2197.11,542.9
"Bacteria.Firmicutes.Clostridia.Clostridiales.Clostridiaceae",0,0,0,0,0,0,0,0,0,0,0,0,2,0,0,0,0,0,0,9.99,0,0
"Bacteria.Firmicutes.Clostridia.Clostridiales.Clostridiaceae.Alkaliphilus",0,0,0,0,0,0,0,0,0,0,0,0,0,0,0,0,0,0,0,0,0,0
"Bacteria.Firmicutes.Clostridia.Clostridiales.Clostridiaceae.ClostridiaceaeU",0,0,0,0,0,0,0,0,0,0,0,0,0,0,0,0,0,0,0,0,0,0
"Bacteria.Firmicutes.Clostridia.Clostridiales.Clostridiaceae.Clostridium",0,0,0,0,0,0,0,0,0,0,0,0,1.98,0,0,0,0,0,0,8.73,0,0
"Bacteria.Firmicutes.Clostridia.Clostridiales.ClostridialesU",0,0,0,0,0,0,0,0,0,0,0,0,0,0,0,0,0,0,0,0,0,0
"Bacteria.Firmicutes.Clostridia.Clostridiales.ClostridialesU.ClostridialesUU",0,0,0,0,0,0,0,0,0,0,0,0,0,0,0,0,0,0,0,0,0,0
"Bacteria.Firmicutes.Clostridia.Clostridiales.Eubacteriaceae",35.73,0,0.88,8.59,2.94,5.56,9.41,1,4.82,9.72,4.79,0,2.99,22.22,2.9,3.94,58.57,10.6,10.66,0,23.04,11.46
"Bacteria.Firmicutes.Clostridia.Clostridiales.Eubacteriaceae.Eubacterium",35.73,0,0.88,8.59,2.94,5.56,9.41,1,4.82,9.72,4.79,0,2.99,22.22,2.9,3.94,58.57,10.6,10.66,0,23.04,11.46
"Bacteria.Firmicutes.Clostridia.Clostridiales.Gracilibacteraceae",0,0,0,0,0,0,0,0,0,0,0,0,0,0,0,0,0,0,0,0,0,0
"Bacteria.Firmicutes.Clostridia.Clostridiales.Gracilibacteraceae.Gracilibacter",0,0,0,0,0,0,0,0,0,0,0,0,0,0,0,0,0,0,0,0,0,0
"Bacteria.Firmicutes.Clostridia.Clostridiales.Incertae_Sedis_XI",97,0,6,3,1,4,0,0,0,14,28,0,8,14,2,53,31,0,14,10,8,20
"Bacteria.Firmicutes.Clostridia.Clostridiales.Incertae_Sedis_XI.Anaerococcus",0,0,0,0,0,0,0,0,0,0,0,0,0,0,0,0,0,0,0,7,2,0
"Bacteria.Firmicutes.Clostridia.Clostridiales.Incertae_Sedis_XI.Finegoldia",0,0,0,0,0,0,0,0,0,0,0,0,0,0,0,0,0,0,0,0,0,0
"Bacteria.Firmicutes.Clostridia.Clostridiales.Incertae_Sedis_XI.Incertae_Sedis_XIU",0,0,0,0,0,0,0,0,0,0,0,0,0,0,0,0,0,0,0,0,0,0
"Bacteria.Firmicutes.Clostridia.Clostridiales.Incertae_Sedis_XI.Parvimonas",97,0,6,3,1,4,0,0,0,14,28,0,8,14,2,53,22,0,14,3,6,20
"Bacteria.Firmicutes.Clostridia.Clostridiales.Incertae_Sedis_XI.Peptoniphilus",0,0,0,0,0,0,0,0,0,0,0,0,0,0,0,0,9,0,0,0,0,0
"Bacteria.Firmicutes.Clostridia.Clostridiales.Incertae_Sedis_XIII",17.52,6,7,14,8,2,7,1,2,6,1,0,1,24,0,0,63,13.91,8,0,15,4
"Bacteria.Firmicutes.Clostridia.Clostridiales.Incertae_Sedis_XIII.Anaerovorax",1.78,0,0,0,0,0,0,0,0,0,0,0,0,0,0,0,0,0.8,0,0,0,0
"Bacteria.Firmicutes.Clostridia.Clostridiales.Incertae_Sedis_XIII.Incertae_Sedis_XIIIU",0,0,0,0,0,0,0,0,0,0,0,0,0,0,0,0,0,0,0,0,0,0
"Bacteria.Firmicutes.Clostridia.Clostridiales.Incertae_Sedis_XIII.Mogibacterium",14,6,7,14,8,2,7,1,2,6,1,0,1,24,0,0,63,13,8,0,15,4
"Bacteria.Firmicutes.Clostridia.Clostridiales.Incertae_Sedis_XIV",0,0,0,0,0,1,0,0,17.63,0,0,0,0,0,0,0,0,0,0,0,9,2
"Bacteria.Firmicutes.Clostridia.Clostridiales.Incertae_Sedis_XIV.Blautia",0,0,0,0,0,1,0,0,17.63,0,0,0,0,0,0,0,0,0,0,0,9,2
"Bacteria.Firmicutes.Clostridia.Clostridiales.Incertae_Sedis_XIV.Howardella",0,0,0,0,0,0,0,0,0,0,0,0,0,0,0,0,0,0,0,0,0,0
"Bacteria.Firmicutes.Clostridia.Clostridiales.Lachnospiraceae",627.880000000001,69.81,74.75,127.29,188.21,52.96,48.72,105.21,102.67,324.87,38.73,65.9,52.58,304.74,266.98,228.68,954.070000000008,715.870000000004,76.56,205.43,304.32,218.78
"Bacteria.Firmicutes.Clostridia.Clostridiales.Lachnospiraceae.Acetitomaculum",0,0,0,0,0,0,0,0,0,0,0,0,0,0,0,0,0,0,0,0,0,0
"Bacteria.Firmicutes.Clostridia.Clostridiales.Lachnospiraceae.Anaerostipes",0,0,0,0,0,0,0,0,5.64,0,0,0.94,0,0,0,0,0,0,0,0,0,0
"Bacteria.Firmicutes.Clostridia.Clostridiales.Lachnospiraceae.Butyrivibrio",26.88,0,0.97,1,0,0,0,0,0,0.98,0,0,0,0,0,0,20.94,16.97,0,0,11.96,5.95
"Bacteria.Firmicutes.Clostridia.Clostridiales.Lachnospiraceae.Catonella",89,4,4,8,17.99,6,4,9,6,19.99,6.99,3,10,40.98,6,23.99,38,30.94,6,10,32.98,54.96
"Bacteria.Firmicutes.Clostridia.Clostridiales.Lachnospiraceae.Coprococcus",0,0,0,0,0,0,0,0,5.35,0,0,0,0,0,0,0,0,0,0,9,5,0
"Bacteria.Firmicutes.Clostridia.Clostridiales.Lachnospiraceae.Dorea",0,0,0,0,0,0,0,0,1,0,0,0,0,0,0,0,0,0,0,12,0,0
"Bacteria.Firmicutes.Clostridia.Clostridiales.Lachnospiraceae.Johnsonella",0,0,0,0,0,0,0,0,0,0,0,0,0,0,0,0,0,0,0,0,0,0
"Bacteria.Firmicutes.Clostridia.Clostridiales.Lachnospiraceae.LachnospiraceaeU",0,0,0,0,0,0,0,0,0,0,0,0,0,0,0,0,0,0,0,0,0,0
"Bacteria.Firmicutes.Clostridia.Clostridiales.Lachnospiraceae.Moryella",0,0,0,0,0,0,0,0,0,0,0,0,0,0,0,0,2.48,1.61,0,0,0,0
"Bacteria.Firmicutes.Clostridia.Clostridiales.Lachnospiraceae.Oribacterium",346.96,44.95,60.76,99.11,149.31,42.98,37.85,61.63,35.73,37.91,10,52.77,19,110.77,158.76,76.97,174.24,154.21,38,73,121.88,144.24
"Bacteria.Firmicutes.Clostridia.Clostridiales.Lachnospiraceae.Roseburia",0,0,0.96,0,0,0,0,0,21.44,0,0,0,0,0,0,0,0,0,2.98,88.31,13.62,0
"Bacteria.Firmicutes.Clostridia.Clostridiales.Lachnospiraceae.Shuttleworthia",0,0,0,0,0,0,0,1,0,0,0,0,0,0,3,0,0,0,0,0,0.95,0
"Bacteria.Firmicutes.Clostridia.Clostridiales.Lachnospiraceae.Syntrophococcus",0.8,0,0,0.81,0.82,0,0,0,0,0,0,0,0,0,0,0,0,0,0,0,0,0
"Bacteria.Firmicutes.Clostridia.Clostridiales.Peptococcaceae",7,0,0,0.99,0,0,1,0,0,3,2,0,0,0,1.96,9.85,2.99,0.94,1,0,3.95,7.84
"Bacteria.Firmicutes.Clostridia.Clostridiales.Peptococcaceae.Peptococcus",7,0,0,0.99,0,0,1,0,0,3,2,0,0,0,1.96,9.84,2.98,0.94,1,0,3.95,7.84
"Bacteria.Firmicutes.Clostridia.Clostridiales.Peptostreptococcaceae",11,0,2,13.99,1.99,10,1,1,0,23,15.6,0,3.85,15.48,4,10,14,5,12.85,0,38,12
"Bacteria.Firmicutes.Clostridia.Clostridiales.Peptostreptococcaceae.Filifactor",0,0,0,0.99,1.99,0,0,0,0,0,3.6,0,0.85,4.48,0,0,0,0,1.85,0,0,0
"Bacteria.Firmicutes.Clostridia.Clostridiales.Peptostreptococcaceae.PeptostreptococcaceaeU",0,0,0,0,0,0,0,0,0,0,0,0,0,0,0,0,0,0,0,0,0,0
"Bacteria.Firmicutes.Clostridia.Clostridiales.Peptostreptococcaceae.Peptostreptococcus",11,0,2,13,0,10,1,1,0,23,12,0,3,11,4,10,14,5,11,0,38,12
"Bacteria.Firmicutes.Clostridia.Clostridiales.Peptostreptococcaceae.Sporacetigenium",0,0,0,0,0,0,0,0,0,0,0,0,0,0,0,0,0,0,0,0,0,0
"Bacteria.Firmicutes.Clostridia.Clostridiales.Ruminococcaceae",3.82,1,1.99,0,1,0,0,0,80,0,0,2,0,2,0,1,0,1,16,59.95,34.92,0
"Bacteria.Firmicutes.Clostridia.Clostridiales.Ruminococcaceae.Acetanaerobacterium",0,0,0,0,0,0,0,0,0,0,0,0,0,0.82,0,0,0,0,0,0,0.82,0
"Bacteria.Firmicutes.Clostridia.Clostridiales.Ruminococcaceae.Acetivibrio",0,0,0,0,0,0,0,0,0.81,0,0,0,0,0,0,0,0,0,0,0,0,0
"Bacteria.Firmicutes.Clostridia.Clostridiales.Ruminococcaceae.Butyricicoccus",0,0,0,0,0,0,0,0,3,0,0,0,0,0,0,1,0,0,0,0,0,0
"Bacteria.Firmicutes.Clostridia.Clostridiales.Ruminococcaceae.Faecalibacterium",0,0,0,0,0,0,0,0,49.98,0,0,1,0,0,0,0,0,1,5.87,25.75,14.93,0
"Bacteria.Firmicutes.Clostridia.Clostridiales.Ruminococcaceae.Oscillibacter",0,0,0,0,0,0,0,0,3.81,0,0,0,0,0,0,0,0,0,0,0.96,10.09,0
"Bacteria.Firmicutes.Clostridia.Clostridiales.Ruminococcaceae.Papillibacter",0,0,0,0,0,0,0,0,0,0,0,0,0,0,0,0,0,0,0,0,0,0
"Bacteria.Firmicutes.Clostridia.Clostridiales.Ruminococcaceae.RuminococcaceaeU",0,0,0,0,0,0,0,0,0,0,0,0,0,0,0,0,0,0,0,0,0,0
"Bacteria.Firmicutes.Clostridia.Clostridiales.Ruminococcaceae.Ruminococcus",0,0,1,0,0,0,0,0,3,0,0,0.99,0,0,0,0,0,0,8,21.98,1,0
"Bacteria.Firmicutes.Clostridia.Clostridiales.Ruminococcaceae.Sporobacter",0,0,0,0,0,0,0,0,0,0,0,0,0,0,0,0,0,0,0,0,0,0
"Bacteria.Firmicutes.Clostridia.Clostridiales.Ruminococcaceae.Subdoligranulum",0,0,0,0,1,0,0,0,0,0,0,0,0,0,0,0,0,0,2,4.66,0,0
"Bacteria.Firmicutes.Clostridia.Clostridiales.Veillonellaceae",1401,541,383,385,851.88,88,425,686,902,422,141,392,305,706,991,509,1794.98,1034,983,689,1743,258
"Bacteria.Firmicutes.Clostridia.Clostridiales.Veillonellaceae.Acidaminococcus",0,0,0,0,0,0,0,0,0,0,0,0,0,0,0,0,0,0,0,2,0,0
"Bacteria.Firmicutes.Clostridia.Clostridiales.Veillonellaceae.Anaeroglobus",0,0,0,0.99,1,0,0,0,0,0,0,0,0,0,2,0,0,0,0,0,0,0
"Bacteria.Firmicutes.Clostridia.Clostridiales.Veillonellaceae.Centipeda",28,14.71,0.95,0.88,10.27,0,12.93,7.62,14.71,7.85,0,0,0,10.01,0,0,38.91,6.89,0,0.85,21.36,3.47
"Bacteria.Firmicutes.Clostridia.Clostridiales.Veillonellaceae.Dialister",1,2,6,0,2.99,0,0,0.99,0,0,0,0,0,0,9,0,21,0,1,0,22,0
"Bacteria.Firmicutes.Clostridia.Clostridiales.Veillonellaceae.Megamonas",0,0,0,0,0,0,0,0,0,0,0,0,0,0,0,0,0,0,0,0,2,0
"Bacteria.Firmicutes.Clostridia.Clostridiales.Veillonellaceae.Megasphaera",244.34,17.72,19.78,6.78,81.81,0,68.53,71.64,131.21,24,0,13.69,0,15.81,93.17,9,125.12,31.39,13.9,0,12,25.25
"Bacteria.Firmicutes.Clostridia.Clostridiales.Veillonellaceae.Mitsuokella",0,0,0,0,0,0,0,0,0,0,0,0,0,0,0,0,0,0,0,0,1,0
"Bacteria.Firmicutes.Clostridia.Clostridiales.Veillonellaceae.Phascolarctobacterium",0,0,0,0,0,0,0,0,3.38,0,0,0,0,0,0,3,0,0,0,6.91,0,0
"Bacteria.Firmicutes.Clostridia.Clostridiales.Veillonellaceae.Schwartzia",0,0,0,0,0,0,0,0,0,0,0,0,0,0,0,0,0,0,0,0,0.9,0
"Bacteria.Firmicutes.Clostridia.Clostridiales.Veillonellaceae.Selenomonas",20.99,0,1,2.86,1.99,0,4.97,13.7,1,3.91,1,0,0,5.49,0,0,16.47,6.88,0,0,37.91,0
"Bacteria.Firmicutes.Clostridia.Clostridiales.Veillonellaceae.Succiniclasticum",0,0,0,0,0,0,0,0,0,0,0,0,0,0,0,0,0,0,0,0,0,0
"Bacteria.Firmicutes.Clostridia.Clostridiales.Veillonellaceae.Veillonella",1021,475.82,353.99,367.85,734.95,87,297,569.85,725,371.95,140,377.98,303.99,658.99,878.94,493.56,1506.74,945.97,967,678.93,1593.95,217
"Bacteria.Firmicutes.Clostridia.Clostridiales.Veillonellaceae.VeillonellaceaeU",0,0,0,0,0,0,0,0,0,0,0,0,0,0,0,0,0,0,0,0,0,0
"Bacteria.Firmicutes.Clostridia.ClostridiaU",0,0,0,0,0,0,0,0,0,0,0,0,0,0,0,0,0,0,0,0,0,0
"Bacteria.Firmicutes.Clostridia.ClostridiaU.ClostridiaUU",0,0,0,0,0,0,0,0,0,0,0,0,0,0,0,0,0,0,0,0,0,0
"Bacteria.Firmicutes.Clostridia.ClostridiaU.ClostridiaUU.ClostridiaUUU",0,0,0,0,0,0,0,0,0,0,0,0,0,0,0,0,0,0,0,0,0,0
"Bacteria.Firmicutes.Erysipelotrichi",0,0,0,0,1,0,0,0,4.54,0,0,0,0,0,2,0,1,0,0,2,5,0
"Bacteria.Firmicutes.Erysipelotrichi.Erysipelotrichales",0,0,0,0,1,0,0,0,4.54,0,0,0,0,0,2,0,1,0,0,2,5,0
"Bacteria.Firmicutes.Erysipelotrichi.Erysipelotrichales.Erysipelotrichaceae",0,0,0,0,1,0,0,0,4.54,0,0,0,0,0,2,0,1,0,0,2,5,0
"Bacteria.Firmicutes.Erysipelotrichi.Erysipelotrichales.Erysipelotrichaceae.Bulleidia",0,0,0,0,0,0,0,0,0,0,0,0,0,0,1,0,0,0,0,0,0,0
"Bacteria.Firmicutes.Erysipelotrichi.Erysipelotrichales.Erysipelotrichaceae.Catenibacterium",0,0,0,0,0,0,0,0,0,0,0,0,0,0,0,0,0,0,0,0,5,0
"Bacteria.Firmicutes.Erysipelotrichi.Erysipelotrichales.Erysipelotrichaceae.Coprobacillus",0,0,0,0,0,0,0,0,0,0,0,0,0,0,0,0,0,0,0,1.79,0,0
"Bacteria.Firmicutes.Erysipelotrichi.Erysipelotrichales.Erysipelotrichaceae.ErysipelotrichaceaeU",0,0,0,0,0,0,0,0,0,0,0,0,0,0,0,0,0,0,0,0,0,0
"Bacteria.Firmicutes.Erysipelotrichi.Erysipelotrichales.Erysipelotrichaceae.Holdemania",0,0,0,0,0,0,0,0,0,0,0,0,0,0,0,0,0,0,0,0,0,0
"Bacteria.Firmicutes.Erysipelotrichi.Erysipelotrichales.Erysipelotrichaceae.Sharpea",0,0,0,0,0,0,0,0,0,0,0,0,0,0,0.9,0,0,0,0,0,0,0
"Bacteria.Firmicutes.Erysipelotrichi.Erysipelotrichales.Erysipelotrichaceae.Solobacterium",0,0,0,0,1,0,0,0,0,0,0,0,0,0,0,0,0.99,0,0,0,0,0
"Bacteria.Firmicutes.FirmicutesU",0,0,0,0,0,0,0,0,0,0,0,0,0,0,0,0,0,0,0,0,0,0
"Bacteria.Firmicutes.FirmicutesU.FirmicutesUU",0,0,0,0,0,0,0,0,0,0,0,0,0,0,0,0,0,0,0,0,0,0
"Bacteria.Firmicutes.FirmicutesU.FirmicutesUU.FirmicutesUUU",0,0,0,0,0,0,0,0,0,0,0,0,0,0,0,0,0,0,0,0,0,0
"Bacteria.Firmicutes.FirmicutesU.FirmicutesUU.FirmicutesUUU.FirmicutesUUUU",0,0,0,0,0,0,0,0,0,0,0,0,0,0,0,0,0,0,0,0,0,0
"Bacteria.Fusobacteria",1779.67,47.98,158.97,276.82,43.85,226.77,492.99,93.84,54,751.55,687.38,29,299.91,1262.95,742.44,784.22,620.61,1130.93,674.18,293.63,1232.34,290.52
"Bacteria.Fusobacteria.Fusobacteria",1779.67,47.98,158.97,276.82,43.85,226.77,492.99,93.84,54,751.55,687.38,29,299.91,1262.95,742.44,784.22,620.61,1130.93,674.18,293.63,1232.34,290.52
"Bacteria.Fusobacteria.Fusobacteria.Fusobacteriales",1779.67,47.98,158.97,276.82,43.85,226.77,492.99,93.84,54,751.55,687.38,29,299.91,1262.95,742.44,784.22,620.61,1130.93,674.18,293.63,1232.34,290.52
"Bacteria.Fusobacteria.Fusobacteria.Fusobacteriales.Fusobacteriaceae",1298.69,37.98,116.97,211.82,28.85,203.77,42.99,79.84,48,658.55,633.38,23,262.91,998.950000000001,509.44,575.22,360.61,56.94,624.180000000001,276.63,940.35,264.52
"Bacteria.Fusobacteria.Fusobacteria.Fusobacteriales.Fusobacteriaceae.FusobacteriaceaeU",0,0,0,0,0,0,0,0,0,0,0,0,0,0,0,0,0,0,0,0,0,0
"Bacteria.Fusobacteria.Fusobacteria.Fusobacteriales.Fusobacteriaceae.Fusobacterium",1298.68,37.98,116.97,211.82,28.85,203.77,42.99,79.84,48,658.53,633.37,23,262.9,998.900000000001,509.44,575.14,360.59,56.94,624.180000000001,276.63,940.33,264.5
"Bacteria.Fusobacteria.Fusobacteria.Fusobacteriales.Leptotrichiaceae",480.98,10,42,65,15,23,450,14,6,93,54,6,37,264,233,209,260,1073.99,50,17,291.99,26
"Bacteria.Fusobacteria.Fusobacteria.Fusobacteriales.Leptotrichiaceae.Leptotrichia",480.98,9.99,40.85,64.67,14.78,22.98,449.98,14,6,92.83,54,6,37,264,229.93,208.77,258.67,1072.36,44,16.89,291.99,25.94
"Bacteria.Fusobacteria.Fusobacteria.Fusobacteriales.Leptotrichiaceae.LeptotrichiaceaeU",0,0,0,0,0,0,0,0,0,0,0,0,0,0,0,0,0,0,0,0,0,0
"Bacteria.Fusobacteria.Fusobacteria.Fusobacteriales.Leptotrichiaceae.Sneathia",0,0,0,0,0,0,0,0,0,0,0,0,0,0,1.73,0,0,0,0,0,0,0
"Bacteria.Fusobacteria.Fusobacteria.Fusobacteriales.Leptotrichiaceae.Streptobacillus",0,0,0.94,0,0,0,0,0,0,0,0,0,0,0,0,0,0.84,0,3.78,0,0,0
"Bacteria.Gemmatimonadetes",0,0,0,0,0,0,0,0,0,0,0,0,0,0,0,0,0,0,0,0,0,0
"Bacteria.Gemmatimonadetes.Gemmatimonadetes",0,0,0,0,0,0,0,0,0,0,0,0,0,0,0,0,0,0,0,0,0,0
"Bacteria.Gemmatimonadetes.Gemmatimonadetes.Gemmatimonadales",0,0,0,0,0,0,0,0,0,0,0,0,0,0,0,0,0,0,0,0,0,0
"Bacteria.Gemmatimonadetes.Gemmatimonadetes.Gemmatimonadales.Gemmatimonadaceae",0,0,0,0,0,0,0,0,0,0,0,0,0,0,0,0,0,0,0,0,0,0
"Bacteria.Gemmatimonadetes.Gemmatimonadetes.Gemmatimonadales.Gemmatimonadaceae.Gemmatimonas",0,0,0,0,0,0,0,0,0,0,0,0,0,0,0,0,0,0,0,0,0,0
"Bacteria.Lentisphaerae",0,0,0,0,0,0,0,0,0.93,0,0,0,0,0,0,0,0,0,0,0,0,0
"Bacteria.Lentisphaerae.Lentisphaeria",0,0,0,0,0,0,0,0,0.93,0,0,0,0,0,0,0,0,0,0,0,0,0
"Bacteria.Lentisphaerae.Lentisphaeria.Victivallales",0,0,0,0,0,0,0,0,0.93,0,0,0,0,0,0,0,0,0,0,0,0,0
"Bacteria.Lentisphaerae.Lentisphaeria.Victivallales.Victivallaceae",0,0,0,0,0,0,0,0,0.93,0,0,0,0,0,0,0,0,0,0,0,0,0
"Bacteria.Lentisphaerae.Lentisphaeria.Victivallales.Victivallaceae.Victivallis",0,0,0,0,0,0,0,0,0.93,0,0,0,0,0,0,0,0,0,0,0,0,0
"Bacteria.Proteobacteria",907,1955,214.99,190.98,209,590,136,849,406.42,372,1952.98,53,1002.98,5138.96,478,1745,446,363,2902.84,4640.46,2504,120
"Bacteria.Proteobacteria.Alphaproteobacteria",0,0,0,0,0,2,0,0,86.62,0,0,0,1,0,1,0,2,2,0,39.49,1,0
"Bacteria.Proteobacteria.Alphaproteobacteria.AlphaproteobacteriaU",0,0,0,0,0,0,0,0,0,0,0,0,0,0,0,0,0,0,0,0,0,0
"Bacteria.Proteobacteria.Alphaproteobacteria.AlphaproteobacteriaU.AlphaproteobacteriaUU",0,0,0,0,0,0,0,0,0,0,0,0,0,0,0,0,0,0,0,0,0,0
"Bacteria.Proteobacteria.Alphaproteobacteria.AlphaproteobacteriaU.AlphaproteobacteriaUU.AlphaproteobacteriaUUU",0,0,0,0,0,0,0,0,0,0,0,0,0,0,0,0,0,0,0,0,0,0
"Bacteria.Proteobacteria.Alphaproteobacteria.Caulobacterales",0,0,0,0,0,2,0,0,3,0,0,0,0,0,0,0,1,0,0,33,0,0
"Bacteria.Proteobacteria.Alphaproteobacteria.Caulobacterales.Caulobacteraceae",0,0,0,0,0,2,0,0,3,0,0,0,0,0,0,0,1,0,0,33,0,0
"Bacteria.Proteobacteria.Alphaproteobacteria.Caulobacterales.Caulobacteraceae.Brevundimonas",0,0,0,0,0,2,0,0,3,0,0,0,0,0,0,0,1,0,0,0,0,0
"Bacteria.Proteobacteria.Alphaproteobacteria.Caulobacterales.Caulobacteraceae.Phenylobacterium",0,0,0,0,0,0,0,0,0,0,0,0,0,0,0,0,0,0,0,32.92,0,0
"Bacteria.Proteobacteria.Alphaproteobacteria.Rhizobiales",0,0,0,0,0,0,0,0,0,0,0,0,0,0,1,0,0,0,0,0,0,0
"Bacteria.Proteobacteria.Alphaproteobacteria.Rhizobiales.Bradyrhizobiaceae",0,0,0,0,0,0,0,0,0,0,0,0,0,0,0,0,0,0,0,0,0,0
"Bacteria.Proteobacteria.Alphaproteobacteria.Rhizobiales.Bradyrhizobiaceae.Afipia",0,0,0,0,0,0,0,0,0,0,0,0,0,0,0,0,0,0,0,0,0,0
"Bacteria.Proteobacteria.Alphaproteobacteria.Rhizobiales.Bradyrhizobiaceae.Bradyrhizobium",0,0,0,0,0,0,0,0,0,0,0,0,0,0,0,0,0,0,0,0,0,0
"Bacteria.Proteobacteria.Alphaproteobacteria.Rhizobiales.Brucellaceae",0,0,0,0,0,0,0,0,0,0,0,0,0,0,0,0,0,0,0,0,0,0
"Bacteria.Proteobacteria.Alphaproteobacteria.Rhizobiales.Brucellaceae.BrucellaceaeU",0,0,0,0,0,0,0,0,0,0,0,0,0,0,0,0,0,0,0,0,0,0
"Bacteria.Proteobacteria.Alphaproteobacteria.Rhizobiales.Brucellaceae.Ochrobactrum",0,0,0,0,0,0,0,0,0,0,0,0,0,0,0,0,0,0,0,0,0,0
"Bacteria.Proteobacteria.Alphaproteobacteria.Rhizobiales.Hyphomicrobiaceae",0,0,0,0,0,0,0,0,0,0,0,0,0,0,0,0,0,0,0,0,0,0
"Bacteria.Proteobacteria.Alphaproteobacteria.Rhizobiales.Hyphomicrobiaceae.Devosia",0,0,0,0,0,0,0,0,0,0,0,0,0,0,0,0,0,0,0,0,0,0
"Bacteria.Proteobacteria.Alphaproteobacteria.Rhizobiales.Hyphomicrobiaceae.HyphomicrobiaceaeU",0,0,0,0,0,0,0,0,0,0,0,0,0,0,0,0,0,0,0,0,0,0
"Bacteria.Proteobacteria.Alphaproteobacteria.Rhizobiales.Methylobacteriaceae",0,0,0,0,0,0,0,0,0,0,0,0,0,0,0,0,0,0,0,0,0,0
"Bacteria.Proteobacteria.Alphaproteobacteria.Rhizobiales.Methylobacteriaceae.Methylobacterium",0,0,0,0,0,0,0,0,0,0,0,0,0,0,0,0,0,0,0,0,0,0
"Bacteria.Proteobacteria.Alphaproteobacteria.Rhizobiales.Phyllobacteriaceae",0,0,0,0,0,0,0,0,0,0,0,0,0,0,0,0,0,0,0,0,0,0
"Bacteria.Proteobacteria.Alphaproteobacteria.Rhizobiales.Phyllobacteriaceae.Mesorhizobium",0,0,0,0,0,0,0,0,0,0,0,0,0,0,0,0,0,0,0,0,0,0
"Bacteria.Proteobacteria.Alphaproteobacteria.Rhizobiales.Phyllobacteriaceae.Phyllobacterium",0,0,0,0,0,0,0,0,0,0,0,0,0,0,0,0,0,0,0,0,0,0
"Bacteria.Proteobacteria.Alphaproteobacteria.Rhizobiales.Rhizobiaceae",0,0,0,0,0,0,0,0,0,0,0,0,0,0,1,0,0,0,0,0,0,0
"Bacteria.Proteobacteria.Alphaproteobacteria.Rhizobiales.Rhizobiaceae.Rhizobium",0,0,0,0,0,0,0,0,0,0,0,0,0,0,1,0,0,0,0,0,0,0
"Bacteria.Proteobacteria.Alphaproteobacteria.Rhizobiales.RhizobialesU",0,0,0,0,0,0,0,0,0,0,0,0,0,0,0,0,0,0,0,0,0,0
"Bacteria.Proteobacteria.Alphaproteobacteria.Rhizobiales.RhizobialesU.RhizobialesUU",0,0,0,0,0,0,0,0,0,0,0,0,0,0,0,0,0,0,0,0,0,0
"Bacteria.Proteobacteria.Alphaproteobacteria.Rhodobacterales",0,0,0,0,0,0,0,0,0,0,0,0,1,0,0,0,0,0,0,0,1,0
"Bacteria.Proteobacteria.Alphaproteobacteria.Rhodobacterales.Rhodobacteraceae",0,0,0,0,0,0,0,0,0,0,0,0,1,0,0,0,0,0,0,0,1,0
"Bacteria.Proteobacteria.Alphaproteobacteria.Rhodobacterales.Rhodobacteraceae.Amaricoccus",0,0,0,0,0,0,0,0,0,0,0,0,0,0,0,0,0,0,0,0,0,0
"Bacteria.Proteobacteria.Alphaproteobacteria.Rhodobacterales.Rhodobacteraceae.Paracoccus",0,0,0,0,0,0,0,0,0,0,0,0,0,0,0,0,0,0,0,0,0,0
"Bacteria.Proteobacteria.Alphaproteobacteria.Rhodobacterales.Rhodobacteraceae.Rhodobacter",0,0,0,0,0,0,0,0,0,0,0,0,1,0,0,0,0,0,0,0,1,0
"Bacteria.Proteobacteria.Alphaproteobacteria.Rhodobacterales.Rhodobacteraceae.Rubellimicrobium",0,0,0,0,0,0,0,0,0,0,0,0,0,0,0,0,0,0,0,0,0,0
"Bacteria.Proteobacteria.Alphaproteobacteria.Rhodospirillales",0,0,0,0,0,0,0,0,0,0,0,0,0,0,0,0,0,0,0,0,0,0
"Bacteria.Proteobacteria.Alphaproteobacteria.Rhodospirillales.Acetobacteraceae",0,0,0,0,0,0,0,0,0,0,0,0,0,0,0,0,0,0,0,0,0,0
"Bacteria.Proteobacteria.Alphaproteobacteria.Rhodospirillales.Acetobacteraceae.Acetobacter",0,0,0,0,0,0,0,0,0,0,0,0,0,0,0,0,0,0,0,0,0,0
"Bacteria.Proteobacteria.Alphaproteobacteria.Rhodospirillales.Acetobacteraceae.Roseomonas",0,0,0,0,0,0,0,0,0,0,0,0,0,0,0,0,0,0,0,0,0,0
"Bacteria.Proteobacteria.Alphaproteobacteria.Rhodospirillales.Rhodospirillaceae",0,0,0,0,0,0,0,0,0,0,0,0,0,0,0,0,0,0,0,0,0,0
"Bacteria.Proteobacteria.Alphaproteobacteria.Rhodospirillales.Rhodospirillaceae.Skermanella",0,0,0,0,0,0,0,0,0,0,0,0,0,0,0,0,0,0,0,0,0,0
"Bacteria.Proteobacteria.Alphaproteobacteria.Sphingomonadales",0,0,0,0,0,0,0,0,0,0,0,0,0,0,0,0,1,2,0,2,0,0
"Bacteria.Proteobacteria.Alphaproteobacteria.Sphingomonadales.Sphingomonadaceae",0,0,0,0,0,0,0,0,0,0,0,0,0,0,0,0,1,2,0,2,0,0
"Bacteria.Proteobacteria.Alphaproteobacteria.Sphingomonadales.Sphingomonadaceae.Blastomonas",0,0,0,0,0,0,0,0,0,0,0,0,0,0,0,0,0,0,0,0,0,0
"Bacteria.Proteobacteria.Alphaproteobacteria.Sphingomonadales.Sphingomonadaceae.Novosphingobium",0,0,0,0,0,0,0,0,0,0,0,0,0,0,0,0,0,0,0,0,0,0
"Bacteria.Proteobacteria.Alphaproteobacteria.Sphingomonadales.Sphingomonadaceae.Sphingobium",0,0,0,0,0,0,0,0,0,0,0,0,0,0,0,0,0.97,1.93,0,1.93,0,0
"Bacteria.Proteobacteria.Alphaproteobacteria.Sphingomonadales.Sphingomonadaceae.Sphingomonas",0,0,0,0,0,0,0,0,0,0,0,0,0,0,0,0,0,0,0,0,0,0
"Bacteria.Proteobacteria.Alphaproteobacteria.Sphingomonadales.SphingomonadalesU",0,0,0,0,0,0,0,0,0,0,0,0,0,0,0,0,0,0,0,0,0,0
"Bacteria.Proteobacteria.Alphaproteobacteria.Sphingomonadales.SphingomonadalesU.SphingomonadalesUU",0,0,0,0,0,0,0,0,0,0,0,0,0,0,0,0,0,0,0,0,0,0
"Bacteria.Proteobacteria.Betaproteobacteria",433,3,35,54,15,120,60,79,83,105,1257.99,22,208,3157,59,1010,125,228,520,2782,913,55
"Bacteria.Proteobacteria.Betaproteobacteria.BetaproteobacteriaU",0,0,0,0,0,0,0,0,0,0,0,0,0,0,0,0,0,0,0,0,0,0
"Bacteria.Proteobacteria.Betaproteobacteria.BetaproteobacteriaU.BetaproteobacteriaUU",0,0,0,0,0,0,0,0,0,0,0,0,0,0,0,0,0,0,0,0,0,0
"Bacteria.Proteobacteria.Betaproteobacteria.BetaproteobacteriaU.BetaproteobacteriaUU.BetaproteobacteriaUUU",0,0,0,0,0,0,0,0,0,0,0,0,0,0,0,0,0,0,0,0,0,0
"Bacteria.Proteobacteria.Betaproteobacteria.Burkholderiales",5,1,0,0,0,3.9,0.88,0,18,0,0,0,1,2.94,1,3.91,0,2,1,317.97,17.68,1.96
"Bacteria.Proteobacteria.Betaproteobacteria.Burkholderiales.Alcaligenaceae",0,0,0,0,0,0,0,0,3,0,0,0,0,0,0,0,0,2,0,6,0,1
"Bacteria.Proteobacteria.Betaproteobacteria.Burkholderiales.Alcaligenaceae.Achromobacter",0,0,0,0,0,0,0,0,0,0,0,0,0,0,0,0,0,0,0,0,0,0
"Bacteria.Proteobacteria.Betaproteobacteria.Burkholderiales.Alcaligenaceae.AlcaligenaceaeU",0,0,0,0,0,0,0,0,0,0,0,0,0,0,0,0,0,0,0,0,0,0
"Bacteria.Proteobacteria.Betaproteobacteria.Burkholderiales.Alcaligenaceae.Alcaligenes",0,0,0,0,0,0,0,0,0,0,0,0,0,0,0,0,0,0,0,0,0,0
"Bacteria.Proteobacteria.Betaproteobacteria.Burkholderiales.Alcaligenaceae.Parasutterella",0,0,0,0,0,0,0,0,3,0,0,0,0,0,0,0,0,2,0,6,0,1
"Bacteria.Proteobacteria.Betaproteobacteria.Burkholderiales.Alcaligenaceae.Sutterella",0,0,0,0,0,0,0,0,0,0,0,0,0,0,0,0,0,0,0,0,0,0
"Bacteria.Proteobacteria.Betaproteobacteria.Burkholderiales.Burkholderiaceae",0,1,0,0,0,3,0,0,10,0,0,0,0,2,1,0,0,0,1,78.95,0,0
"Bacteria.Proteobacteria.Betaproteobacteria.Burkholderiales.Burkholderiaceae.Burkholderia",0,0,0,0,0,3,0,0,8.96,0,0,0,0,1.91,1,0,0,0,1,0,0,0
"Bacteria.Proteobacteria.Betaproteobacteria.Burkholderiales.Burkholderiaceae.BurkholderiaceaeU",0,0,0,0,0,0,0,0,0,0,0,0,0,0,0,0,0,0,0,0,0,0
"Bacteria.Proteobacteria.Betaproteobacteria.Burkholderiales.Burkholderiaceae.Ralstonia",0,1,0,0,0,0,0,0,1,0,0,0,0,0,0,0,0,0,0,71.65,0,0
"Bacteria.Proteobacteria.Betaproteobacteria.Burkholderiales.Burkholderiales_incertae_sedis",0,0,0,0,0,0,0,0,4,0,0,0,0,0,0,0,0,0,0,0,3.95,0
"Bacteria.Proteobacteria.Betaproteobacteria.Burkholderiales.Burkholderiales_incertae_sedis.Aquabacterium",0,0,0,0,0,0,0,0,3.92,0,0,0,0,0,0,0,0,0,0,0,3.9,0
"Bacteria.Proteobacteria.Betaproteobacteria.Burkholderiales.Burkholderiales_incertae_sedis.Ideonella",0,0,0,0,0,0,0,0,0,0,0,0,0,0,0,0,0,0,0,0,0,0
"Bacteria.Proteobacteria.Betaproteobacteria.Burkholderiales.BurkholderialesU",0,0,0,0,0,0,0,0,0,0,0,0,0,0,0,0,0,0,0,0,0,0
"Bacteria.Proteobacteria.Betaproteobacteria.Burkholderiales.BurkholderialesU.BurkholderialesUU",0,0,0,0,0,0,0,0,0,0,0,0,0,0,0,0,0,0,0,0,0,0
"Bacteria.Proteobacteria.Betaproteobacteria.Burkholderiales.Comamonadaceae",2,0,0,0,0,0,0,0,1,0,0,0,1,0,0,2,0,0,0,232.92,8,0
"Bacteria.Proteobacteria.Betaproteobacteria.Burkholderiales.Comamonadaceae.Acidovorax",0,0,0,0,0,0,0,0,0,0,0,0,0,0,0,0,0,0,0,0,0,0
"Bacteria.Proteobacteria.Betaproteobacteria.Burkholderiales.Comamonadaceae.ComamonadaceaeU",0,0,0,0,0,0,0,0,0,0,0,0,0,0,0,0,0,0,0,0,0,0
"Bacteria.Proteobacteria.Betaproteobacteria.Burkholderiales.Comamonadaceae.Comamonas",0,0,0,0,0,0,0,0,0.98,0,0,0,0,0,0,0,0,0,0,0,0,0
"Bacteria.Proteobacteria.Betaproteobacteria.Burkholderiales.Comamonadaceae.Delftia",0,0,0,0,0,0,0,0,0,0,0,0,0.95,0,0,0,0,0,0,0,0.96,0
"Bacteria.Proteobacteria.Betaproteobacteria.Burkholderiales.Comamonadaceae.Diaphorobacter",0,0,0,0,0,0,0,0,0,0,0,0,0,0,0,0.93,0,0,0,0,0,0
"Bacteria.Proteobacteria.Betaproteobacteria.Burkholderiales.Comamonadaceae.Hydrogenophaga",0,0,0,0,0,0,0,0,0,0,0,0,0,0,0,0,0,0,0,0,0,0
"Bacteria.Proteobacteria.Betaproteobacteria.Burkholderiales.Comamonadaceae.Pelomonas",1.99,0,0,0,0,0,0,0,0,0,0,0,0,0,0,0,0,0,0,217.54,5.97,0
"Bacteria.Proteobacteria.Betaproteobacteria.Burkholderiales.Comamonadaceae.Roseateles",0,0,0,0,0,0,0,0,0,0,0,0,0,0,0,0,0,0,0,0,0,0
"Bacteria.Proteobacteria.Betaproteobacteria.Burkholderiales.Oxalobacteraceae",3,0,0,0,0,0,0,0,0,0,0,0,0,0,0,0,0,0,0,0,0,0
"Bacteria.Proteobacteria.Betaproteobacteria.Burkholderiales.Oxalobacteraceae.Herbaspirillum",0,0,0,0,0,0,0,0,0,0,0,0,0,0,0,0,0,0,0,0,0,0
"Bacteria.Proteobacteria.Betaproteobacteria.Burkholderiales.Oxalobacteraceae.Janthinobacterium",2.83,0,0,0,0,0,0,0,0,0,0,0,0,0,0,0,0,0,0,0,0,0
"Bacteria.Proteobacteria.Betaproteobacteria.Burkholderiales.Oxalobacteraceae.Massilia",0,0,0,0,0,0,0,0,0,0,0,0,0,0,0,0,0,0,0,0,0,0
"Bacteria.Proteobacteria.Betaproteobacteria.Burkholderiales.Oxalobacteraceae.OxalobacteraceaeU",0,0,0,0,0,0,0,0,0,0,0,0,0,0,0,0,0,0,0,0,0,0
"Bacteria.Proteobacteria.Betaproteobacteria.Hydrogenophilales",0,0,0,0,0,0,0,0,0,0,0,0,0,0,0,0,0,0,0,0,0,0
"Bacteria.Proteobacteria.Betaproteobacteria.Hydrogenophilales.Hydrogenophilaceae",0,0,0,0,0,0,0,0,0,0,0,0,0,0,0,0,0,0,0,0,0,0
"Bacteria.Proteobacteria.Betaproteobacteria.Hydrogenophilales.Hydrogenophilaceae.HydrogenophilaceaeU",0,0,0,0,0,0,0,0,0,0,0,0,0,0,0,0,0,0,0,0,0,0
"Bacteria.Proteobacteria.Betaproteobacteria.Hydrogenophilales.Hydrogenophilaceae.Hydrogenophilus",0,0,0,0,0,0,0,0,0,0,0,0,0,0,0,0,0,0,0,0,0,0
"Bacteria.Proteobacteria.Betaproteobacteria.Methylophilales",0,0,0,0,0,0,0,0,0,0,0,0,0,0,0,0,0,0,0,0,0,0
"Bacteria.Proteobacteria.Betaproteobacteria.Methylophilales.Methylophilaceae",0,0,0,0,0,0,0,0,0,0,0,0,0,0,0,0,0,0,0,0,0,0
"Bacteria.Proteobacteria.Betaproteobacteria.Methylophilales.Methylophilaceae.Methylophilus",0,0,0,0,0,0,0,0,0,0,0,0,0,0,0,0,0,0,0,0,0,0
"Bacteria.Proteobacteria.Betaproteobacteria.Neisseriales",428,2,35,54,15,116,58.96,79,65,105,1257.98,22,207,3153.99,58,1005.99,125,226,519,2464,894.99,53
"Bacteria.Proteobacteria.Betaproteobacteria.Neisseriales.Neisseriaceae",428,2,35,54,15,116,58.96,79,65,105,1257.98,22,207,3153.99,58,1005.99,125,226,519,2464,894.99,53
"Bacteria.Proteobacteria.Betaproteobacteria.Neisseriales.Neisseriaceae.Bergeriella",0,0,0,0,0,0,0,0,0,0,0,0,0,0,0,0,0,0,0,0,0,0
"Bacteria.Proteobacteria.Betaproteobacteria.Neisseriales.Neisseriaceae.Kingella",16.11,0,1,0,0,0,0,1,0,0,1.88,0,7.64,0,1,5.81,0.99,0,2.73,38.07,8.28,0
"Bacteria.Proteobacteria.Betaproteobacteria.Neisseriales.Neisseriaceae.Neisseria",405.74,2,32.99,51.67,14.98,115.46,53.78,77.99,64.94,104.68,1252,21.99,192.82,3145.63,55.98,986.27,122.83,225.65,514.95,2345.08,883.560000000001,52.79
"Bacteria.Proteobacteria.Betaproteobacteria.Neisseriales.Neisseriaceae.NeisseriaceaeU",0,0,0,0,0,0,0,0,0,0,0,0,0,0,0,0,0,0,0,0,0,0
"Bacteria.Proteobacteria.Betaproteobacteria.Neisseriales.Neisseriaceae.Simonsiella",0,0,0,0,0,0,0,0,0,0,0,0,1.78,0,0,0,0,0,0,0,0,0
"Bacteria.Proteobacteria.Betaproteobacteria.Rhodocyclales",0,0,0,0,0,0,0,0,0,0,0,0,0,0,0,0,0,0,0,0,0,0
"Bacteria.Proteobacteria.Betaproteobacteria.Rhodocyclales.Rhodocyclaceae",0,0,0,0,0,0,0,0,0,0,0,0,0,0,0,0,0,0,0,0,0,0
"Bacteria.Proteobacteria.Betaproteobacteria.Rhodocyclales.Rhodocyclaceae.Azonexus",0,0,0,0,0,0,0,0,0,0,0,0,0,0,0,0,0,0,0,0,0,0
"Bacteria.Proteobacteria.Betaproteobacteria.Rhodocyclales.Rhodocyclaceae.Dechloromonas",0,0,0,0,0,0,0,0,0,0,0,0,0,0,0,0,0,0,0,0,0,0
"Bacteria.Proteobacteria.Betaproteobacteria.Rhodocyclales.Rhodocyclaceae.Zoogloea",0,0,0,0,0,0,0,0,0,0,0,0,0,0,0,0,0,0,0,0,0,0
"Bacteria.Proteobacteria.Deltaproteobacteria",0,0,0,0,0,0,0,0,1,0,0,0,0,0,0,0,0,0,0,0,0,0
"Bacteria.Proteobacteria.Deltaproteobacteria.Desulfovibrionales",0,0,0,0,0,0,0,0,1,0,0,0,0,0,0,0,0,0,0,0,0,0
"Bacteria.Proteobacteria.Deltaproteobacteria.Desulfovibrionales.Desulfovibrionaceae",0,0,0,0,0,0,0,0,1,0,0,0,0,0,0,0,0,0,0,0,0,0
"Bacteria.Proteobacteria.Deltaproteobacteria.Desulfovibrionales.Desulfovibrionaceae.Desulfovibrio",0,0,0,0,0,0,0,0,1,0,0,0,0,0,0,0,0,0,0,0,0,0
"Bacteria.Proteobacteria.Deltaproteobacteria.Myxococcales",0,0,0,0,0,0,0,0,0,0,0,0,0,0,0,0,0,0,0,0,0,0
"Bacteria.Proteobacteria.Deltaproteobacteria.Myxococcales.Cystobacteraceae",0,0,0,0,0,0,0,0,0,0,0,0,0,0,0,0,0,0,0,0,0,0
"Bacteria.Proteobacteria.Deltaproteobacteria.Myxococcales.Cystobacteraceae.CystobacteraceaeU",0,0,0,0,0,0,0,0,0,0,0,0,0,0,0,0,0,0,0,0,0,0
"Bacteria.Proteobacteria.Deltaproteobacteria.Myxococcales.MyxococcalesU",0,0,0,0,0,0,0,0,0,0,0,0,0,0,0,0,0,0,0,0,0,0
"Bacteria.Proteobacteria.Deltaproteobacteria.Myxococcales.MyxococcalesU.MyxococcalesUU",0,0,0,0,0,0,0,0,0,0,0,0,0,0,0,0,0,0,0,0,0,0
"Bacteria.Proteobacteria.Epsilonproteobacteria",212,163,27,32,45,4,20,66,15,41,18,11,6,59,79,10,67,25,24,48,62,45
"Bacteria.Proteobacteria.Epsilonproteobacteria.Campylobacterales",212,163,27,32,45,4,20,66,15,41,18,11,6,59,79,10,67,25,24,48,62,45
"Bacteria.Proteobacteria.Epsilonproteobacteria.Campylobacterales.Campylobacteraceae",212,163,27,31.99,45,4,20,66,15,41,18,11,5,59,79,10,67,25,24,48,62,45
"Bacteria.Proteobacteria.Epsilonproteobacteria.Campylobacterales.Campylobacteraceae.Campylobacter",212,163,27,31.99,45,4,20,66,15,41,18,11,5,59,79,10,67,25,24,48,62,45
"Bacteria.Proteobacteria.Epsilonproteobacteria.Campylobacterales.Helicobacteraceae",0,0,0,0,0,0,0,0,0,0,0,0,1,0,0,0,0,0,0,0,0,0
"Bacteria.Proteobacteria.Epsilonproteobacteria.Campylobacterales.Helicobacteraceae.Helicobacter",0,0,0,0,0,0,0,0,0,0,0,0,1,0,0,0,0,0,0,0,0,0
"Bacteria.Proteobacteria.Gammaproteobacteria",262,1789,152.99,104.98,149,464,56,704,212,226,676.99,20,787.98,1922.94,339,725,252,108,2358.84,1770.88,1528,20
"Bacteria.Proteobacteria.Gammaproteobacteria.Cardiobacteriales",0,0,0,0,0,0,0,0,0,0,0,0,2,0,0,0,0,0,0,0,0,0
"Bacteria.Proteobacteria.Gammaproteobacteria.Cardiobacteriales.Cardiobacteriaceae",0,0,0,0,0,0,0,0,0,0,0,0,2,0,0,0,0,0,0,0,0,0
"Bacteria.Proteobacteria.Gammaproteobacteria.Cardiobacteriales.Cardiobacteriaceae.Cardiobacterium",0,0,0,0,0,0,0,0,0,0,0,0,2,0,0,0,0,0,0,0,0,0
"Bacteria.Proteobacteria.Gammaproteobacteria.Enterobacteriales",0,1,0,0,0,0,0,0,1,0,0,0,0,0,1,6,0,0,0,103.93,7,0
"Bacteria.Proteobacteria.Gammaproteobacteria.Enterobacteriales.Enterobacteriaceae",0,1,0,0,0,0,0,0,1,0,0,0,0,0,1,6,0,0,0,103.93,7,0
"Bacteria.Proteobacteria.Gammaproteobacteria.Enterobacteriales.Enterobacteriaceae.Citrobacter",0,0,0,0,0,0,0,0,0,0,0,0,0,0,0,0,0,0,0,0,0,0
"Bacteria.Proteobacteria.Gammaproteobacteria.Enterobacteriales.Enterobacteriaceae.Cronobacter",0,0,0,0,0,0,0,0,0,0,0,0,0,0,0,0,0,0,0,0,0,0
"Bacteria.Proteobacteria.Gammaproteobacteria.Enterobacteriales.Enterobacteriaceae.Enterobacter",0,0,0,0,0,0,0,0,0,0,0,0,0,0,0,0,0,0,0,13.96,4.68,0
"Bacteria.Proteobacteria.Gammaproteobacteria.Enterobacteriales.Enterobacteriaceae.EnterobacteriaceaeU",0,0,0,0,0,0,0,0,0,0,0,0,0,0,0,0,0,0,0,0,0,0
"Bacteria.Proteobacteria.Gammaproteobacteria.Enterobacteriales.Enterobacteriaceae.Escherichia/Shigella",0,0,0,0,0,0,0,0,1,0,0,0,0,0,0,4.79,0,0,0,1.97,2,0
"Bacteria.Proteobacteria.Gammaproteobacteria.Enterobacteriales.Enterobacteriaceae.Klebsiella",0,0,0,0,0,0,0,0,0,0,0,0,0,0,0,0,0,0,0,0,0,0
"Bacteria.Proteobacteria.Gammaproteobacteria.Enterobacteriales.Enterobacteriaceae.Obesumbacterium",0,0,0,0,0,0,0,0,0,0,0,0,0,0,0,0,0,0,0,0,0,0
"Bacteria.Proteobacteria.Gammaproteobacteria.Enterobacteriales.Enterobacteriaceae.Pantoea",0,0,0,0,0,0,0,0,0,0,0,0,0,0,0,0,0,0,0,0,0,0
"Bacteria.Proteobacteria.Gammaproteobacteria.Enterobacteriales.Enterobacteriaceae.Providencia",0,0,0,0,0,0,0,0,0,0,0,0,0,0,0,0,0,0,0,55.32,0,0
"Bacteria.Proteobacteria.Gammaproteobacteria.Enterobacteriales.Enterobacteriaceae.Serratia",0,0,0,0,0,0,0,0,0,0,0,0,0,0,0,0,0,0,0,0,0,0
"Bacteria.Proteobacteria.Gammaproteobacteria.Enterobacteriales.Enterobacteriaceae.Yersinia",0,0,0,0,0,0,0,0,0,0,0,0,0,0,0,0,0,0,0,2,0,0
"Bacteria.Proteobacteria.Gammaproteobacteria.GammaproteobacteriaU",0,0,0,0,0,0,0,0,0,0,0,0,0,0,0,0,0,0,0,0,0,0
"Bacteria.Proteobacteria.Gammaproteobacteria.GammaproteobacteriaU.GammaproteobacteriaUU",0,0,0,0,0,0,0,0,0,0,0,0,0,0,0,0,0,0,0,0,0,0
"Bacteria.Proteobacteria.Gammaproteobacteria.GammaproteobacteriaU.GammaproteobacteriaUU.GammaproteobacteriaUUU",0,0,0,0,0,0,0,0,0,0,0,0,0,0,0,0,0,0,0,0,0,0
"Bacteria.Proteobacteria.Gammaproteobacteria.Oceanospirillales",0,0,0,0,0,0,0,0,0,0,0,0,0,0,0,0,0,0,0,0,0,0
"Bacteria.Proteobacteria.Gammaproteobacteria.Oceanospirillales.Halomonadaceae",0,0,0,0,0,0,0,0,0,0,0,0,0,0,0,0,0,0,0,0,0,0
"Bacteria.Proteobacteria.Gammaproteobacteria.Oceanospirillales.Halomonadaceae.Halomonas",0,0,0,0,0,0,0,0,0,0,0,0,0,0,0,0,0,0,0,0,0,0
"Bacteria.Proteobacteria.Gammaproteobacteria.Pasteurellales",261,26,151.99,104.98,148.99,463,56,704,205,226,676.99,20,783.97,1922.93,337,711,252,105,2357.84,1666.86,1514,19
"Bacteria.Proteobacteria.Gammaproteobacteria.Pasteurellales.Pasteurellaceae",261,26,151.99,104.98,148.99,463,56,704,205,226,676.99,20,783.97,1922.93,337,711,252,105,2357.84,1666.86,1514,19
"Bacteria.Proteobacteria.Gammaproteobacteria.Pasteurellales.Pasteurellaceae.Actinobacillus",9.23,0,17.72,5.87,1.73,13.75,5.79,90.9699999999999,13.71,4.23,30.7,0.81,35.83,198.58,31.18,53.56,16.78,2.95,214.99,18.89,11.42,0.86
"Bacteria.Proteobacteria.Gammaproteobacteria.Pasteurellales.Pasteurellaceae.Aggregatibacter",1.78,0,0.8,0,0,0,0,8.86,0,0,0,0,0,4.44,1,0,1.81,0,1.98,9.64,28.6,0
"Bacteria.Proteobacteria.Gammaproteobacteria.Pasteurellales.Pasteurellaceae.Haemophilus",127.96,6.32,11.35,6.82,21.93,177.31,7.77,128.29,27.27,103.08,291.48,1.82,386.64,530.13,61.59,124.62,70.29,15.11,502.98,432.72,249.23,1
"Bacteria.Proteobacteria.Gammaproteobacteria.Pasteurellales.Pasteurellaceae.Mannheimia",0,0,0,0,0,0,0,0,0,0,0,0,0,0,0,0,0,0,0,0,0,0
"Bacteria.Proteobacteria.Gammaproteobacteria.Pasteurellales.Pasteurellaceae.Pasteurella",0,0,0,0.81,0,0,0,0,0,0,0,0,0.88,0,0,4.06,0,0,0.86,9.18,0,0
"Bacteria.Proteobacteria.Gammaproteobacteria.Pasteurellales.Pasteurellaceae.PasteurellaceaeU",0,0,0,0,0,0,0,0,0,0,0,0,0,0,0,0,0,0,0,0,0,0
"Bacteria.Proteobacteria.Gammaproteobacteria.Pseudomonadales",1,1762,1,0,0,1,0,0,2,0,0,0,2,0,1,7.97,0,3,1,0,4,0.99
"Bacteria.Proteobacteria.Gammaproteobacteria.Pseudomonadales.Moraxellaceae",1,1762,0,0,0,1,0,0,0,0,0,0,1,0,0,1,0,0,1,0,4,0
"Bacteria.Proteobacteria.Gammaproteobacteria.Pseudomonadales.Moraxellaceae.Acinetobacter",0,0,0,0,0,1,0,0,0,0,0,0,0,0,0,0,0,0,0,0,3,0
"Bacteria.Proteobacteria.Gammaproteobacteria.Pseudomonadales.Moraxellaceae.Enhydrobacter",0,0,0,0,0,0,0,0,0,0,0,0,0,0,0,1,0,0,0,0,1,0
"Bacteria.Proteobacteria.Gammaproteobacteria.Pseudomonadales.Moraxellaceae.Moraxella",1,1762,0,0,0,0,0,0,0,0,0,0,1,0,0,0,0,0,0,0,0,0
"Bacteria.Proteobacteria.Gammaproteobacteria.Pseudomonadales.Moraxellaceae.MoraxellaceaeU",0,0,0,0,0,0,0,0,0,0,0,0,0,0,0,0,0,0,0,0,0,0
"Bacteria.Proteobacteria.Gammaproteobacteria.Pseudomonadales.Moraxellaceae.Psychrobacter",0,0,0,0,0,0,0,0,0,0,0,0,0,0,0,0,0,0,0,0,0,0
"Bacteria.Proteobacteria.Gammaproteobacteria.Pseudomonadales.Pseudomonadaceae",0,0,1,0,0,0,0,0,2,0,0,0,1,0,1,6.97,0,3,0,0,0,0.99
"Bacteria.Proteobacteria.Gammaproteobacteria.Pseudomonadales.Pseudomonadaceae.PseudomonadaceaeU",0,0,0,0,0,0,0,0,0,0,0,0,0,0,0,0,0,0,0,0,0,0
"Bacteria.Proteobacteria.Gammaproteobacteria.Pseudomonadales.Pseudomonadaceae.Pseudomonas",0,0,1,0,0,0,0,0,2,0,0,0,1,0,1,5.73,0,2.97,0,0,0,0.97
"Bacteria.Proteobacteria.Gammaproteobacteria.Vibrionales",0,0,0,0,0,0,0,0,0,0,0,0,0,0,0,0,0,0,0,0,0,0
"Bacteria.Proteobacteria.Gammaproteobacteria.Vibrionales.Vibrionaceae",0,0,0,0,0,0,0,0,0,0,0,0,0,0,0,0,0,0,0,0,0,0
"Bacteria.Proteobacteria.Gammaproteobacteria.Vibrionales.Vibrionaceae.Vibrio",0,0,0,0,0,0,0,0,0,0,0,0,0,0,0,0,0,0,0,0,0,0
"Bacteria.Proteobacteria.Gammaproteobacteria.Xanthomonadales",0,0,0,0,0,0,0,0,4,0,0,0,0,0,0,0,0,0,0,0,3,0
"Bacteria.Proteobacteria.Gammaproteobacteria.Xanthomonadales.Sinobacteraceae",0,0,0,0,0,0,0,0,0,0,0,0,0,0,0,0,0,0,0,0,0,0
"Bacteria.Proteobacteria.Gammaproteobacteria.Xanthomonadales.Sinobacteraceae.Nevskia",0,0,0,0,0,0,0,0,0,0,0,0,0,0,0,0,0,0,0,0,0,0
"Bacteria.Proteobacteria.Gammaproteobacteria.Xanthomonadales.Xanthomonadaceae",0,0,0,0,0,0,0,0,4,0,0,0,0,0,0,0,0,0,0,0,3,0
"Bacteria.Proteobacteria.Gammaproteobacteria.Xanthomonadales.Xanthomonadaceae.Aquimonas",0,0,0,0,0,0,0,0,0,0,0,0,0,0,0,0,0,0,0,0,0,0
"Bacteria.Proteobacteria.Gammaproteobacteria.Xanthomonadales.Xanthomonadaceae.Dyella",0,0,0,0,0,0,0,0,0,0,0,0,0,0,0,0,0,0,0,0,2.69,0
"Bacteria.Proteobacteria.Gammaproteobacteria.Xanthomonadales.Xanthomonadaceae.Lysobacter",0,0,0,0,0,0,0,0,0,0,0,0,0,0,0,0,0,0,0,0,0,0
"Bacteria.Proteobacteria.Gammaproteobacteria.Xanthomonadales.Xanthomonadaceae.Silanimonas",0,0,0,0,0,0,0,0,0,0,0,0,0,0,0,0,0,0,0,0,0,0
"Bacteria.Proteobacteria.Gammaproteobacteria.Xanthomonadales.Xanthomonadaceae.Stenotrophomonas",0,0,0,0,0,0,0,0,3.91,0,0,0,0,0,0,0,0,0,0,0,0,0
"Bacteria.Proteobacteria.Gammaproteobacteria.Xanthomonadales.Xanthomonadaceae.XanthomonadaceaeU",0,0,0,0,0,0,0,0,0,0,0,0,0,0,0,0,0,0,0,0,0,0
"Bacteria.Proteobacteria.Gammaproteobacteria.Xanthomonadales.Xanthomonadaceae.Xanthomonas",0,0,0,0,0,0,0,0,0,0,0,0,0,0,0,0,0,0,0,0,0,0
"Bacteria.Proteobacteria.ProteobacteriaU",0,0,0,0,0,0,0,0,0,0,0,0,0,0,0,0,0,0,0,0,0,0
"Bacteria.Proteobacteria.ProteobacteriaU.ProteobacteriaUU",0,0,0,0,0,0,0,0,0,0,0,0,0,0,0,0,0,0,0,0,0,0
"Bacteria.Proteobacteria.ProteobacteriaU.ProteobacteriaUU.ProteobacteriaUUU",0,0,0,0,0,0,0,0,0,0,0,0,0,0,0,0,0,0,0,0,0,0
"Bacteria.Proteobacteria.ProteobacteriaU.ProteobacteriaUU.ProteobacteriaUUU.ProteobacteriaUUUU",0,0,0,0,0,0,0,0,0,0,0,0,0,0,0,0,0,0,0,0,0,0
"Bacteria.Spirochaetes",51.28,0,11,6,0,0,0,0,0,0,0.86,0,2,0,9,6.76,100.87,1,0,1.8,4,3
"Bacteria.Spirochaetes.Spirochaetes",51.28,0,11,6,0,0,0,0,0,0,0.86,0,2,0,9,6.76,100.87,1,0,1.8,4,3
"Bacteria.Spirochaetes.Spirochaetes.Spirochaetales",51.28,0,11,6,0,0,0,0,0,0,0.86,0,2,0,9,6.76,100.87,1,0,1.8,4,3
"Bacteria.Spirochaetes.Spirochaetes.Spirochaetales.Spirochaetaceae",51.23,0,11,6,0,0,0,0,0,0,0.83,0,2,0,9,6.76,100.84,1,0,0.99,4,3
"Bacteria.Spirochaetes.Spirochaetes.Spirochaetales.Spirochaetaceae.SpirochaetaceaeU",0,0,0,0,0,0,0,0,0,0,0,0,0,0,0,0,0,0,0,0,0,0
"Bacteria.Spirochaetes.Spirochaetes.Spirochaetales.Spirochaetaceae.Treponema",50.58,0,11,6,0,0,0,0,0,0,0,0,2,0,9,6.48,100.71,1,0,0.99,4,3
"Bacteria.Spirochaetes.Spirochaetes.Spirochaetales.SpirochaetalesU",0,0,0,0,0,0,0,0,0,0,0,0,0,0,0,0,0,0,0,0,0,0
"Bacteria.Spirochaetes.Spirochaetes.Spirochaetales.SpirochaetalesU.SpirochaetalesUU",0,0,0,0,0,0,0,0,0,0,0,0,0,0,0,0,0,0,0,0,0,0
"Bacteria.SR1",0,0,0,0,0,0,0,0,0,0,1,0,0,0,0,0,3,0,0,0,0,0
"Bacteria.SR1.SR1_genera_incertae_sedis",0,0,0,0,0,0,0,0,0,0,1,0,0,0,0,0,3,0,0,0,0,0
"Bacteria.SR1.SR1_genera_incertae_sedis.SR1_genera_incertae_sedisU",0,0,0,0,0,0,0,0,0,0,0,0,0,0,0,0,0,0,0,0,0,0
"Bacteria.SR1.SR1_genera_incertae_sedis.SR1_genera_incertae_sedisU.SR1_genera_incertae_sedisUU",0,0,0,0,0,0,0,0,0,0,0,0,0,0,0,0,0,0,0,0,0,0
"Bacteria.SR1.SR1_genera_incertae_sedis.SR1_genera_incertae_sedisU.SR1_genera_incertae_sedisUU.SR1_genera_incertae_sedisUUU",0,0,0,0,0,0,0,0,0,0,0,0,0,0,0,0,0,0,0,0,0,0
"Bacteria.Synergistetes",0,0,0,0,0,0,0,0,0,0,0,0,0,0,0,0,0.86,0,0,0,0,0
"Bacteria.Synergistetes.Synergistia",0,0,0,0,0,0,0,0,0,0,0,0,0,0,0,0,0.86,0,0,0,0,0
"Bacteria.Synergistetes.Synergistia.Synergistales",0,0,0,0,0,0,0,0,0,0,0,0,0,0,0,0,0.86,0,0,0,0,0
"Bacteria.Synergistetes.Synergistia.Synergistales.Synergistaceae",0,0,0,0,0,0,0,0,0,0,0,0,0,0,0,0,0.86,0,0,0,0,0
"Bacteria.Synergistetes.Synergistia.Synergistales.Synergistaceae.SynergistaceaeU",0,0,0,0,0,0,0,0,0,0,0,0,0,0,0,0,0,0,0,0,0,0
"Bacteria.Tenericutes",4,0,1,0,1,0,0,0,0,0,0,0,1,0,4,0,0,0,1,0,5,1
"Bacteria.Tenericutes.Mollicutes",4,0,1,0,1,0,0,0,0,0,0,0,1,0,4,0,0,0,1,0,5,1
"Bacteria.Tenericutes.Mollicutes.Anaeroplasmatales",0,0,0,0,0,0,0,0,0,0,0,0,0,0,0,0,0,0,0,0,0,0
"Bacteria.Tenericutes.Mollicutes.Anaeroplasmatales.Anaeroplasmataceae",0,0,0,0,0,0,0,0,0,0,0,0,0,0,0,0,0,0,0,0,0,0
"Bacteria.Tenericutes.Mollicutes.Anaeroplasmatales.Anaeroplasmataceae.Asteroleplasma",0,0,0,0,0,0,0,0,0,0,0,0,0,0,0,0,0,0,0,0,0,0
"Bacteria.Tenericutes.Mollicutes.Mycoplasmatales",4,0,1,0,1,0,0,0,0,0,0,0,1,0,4,0,0,0,1,0,5,1
"Bacteria.Tenericutes.Mollicutes.Mycoplasmatales.Mycoplasmataceae",4,0,1,0,1,0,0,0,0,0,0,0,1,0,4,0,0,0,1,0,5,1
"Bacteria.Tenericutes.Mollicutes.Mycoplasmatales.Mycoplasmataceae.Mycoplasma",4,0,1,0,1,0,0,0,0,0,0,0,1,0,4,0,0,0,1,0,5,1
"Bacteria.TM7",0,10,1,3,2,1,4,5,0,0,6,0,0,1,0,3,7,0,0,0,1,0
"Bacteria.TM7.TM7_genera_incertae_sedis",0,10,1,3,2,1,4,5,0,0,6,0,0,1,0,3,7,0,0,0,1,0
"Bacteria.TM7.TM7_genera_incertae_sedis.TM7_genera_incertae_sedisU",0,0,0,0,0,0,0,0,0,0,0,0,0,0,0,0,0,0,0,0,0,0
"Bacteria.TM7.TM7_genera_incertae_sedis.TM7_genera_incertae_sedisU.TM7_genera_incertae_sedisUU",0,0,0,0,0,0,0,0,0,0,0,0,0,0,0,0,0,0,0,0,0,0
"Bacteria.TM7.TM7_genera_incertae_sedis.TM7_genera_incertae_sedisU.TM7_genera_incertae_sedisUU.TM7_genera_incertae_sedisUUU",0,0,0,0,0,0,0,0,0,0,0,0,0,0,0,0,0,0,0,0,0,0
"Bacteria.Verrucomicrobia",0,0,0,0,0,0,0,0,5.99,0,0,0,0,0,0,0,0,0,0,0,0,0
"Bacteria.Verrucomicrobia.Opitutae",0,0,0,0,0,0,0,0,3.99,0,0,0,0,0,0,0,0,0,0,0,0,0
"Bacteria.Verrucomicrobia.Opitutae.Puniceicoccales",0,0,0,0,0,0,0,0,3.97,0,0,0,0,0,0,0,0,0,0,0,0,0
"Bacteria.Verrucomicrobia.Opitutae.Puniceicoccales.Puniceicoccaceae",0,0,0,0,0,0,0,0,3.97,0,0,0,0,0,0,0,0,0,0,0,0,0
"Bacteria.Verrucomicrobia.Opitutae.Puniceicoccales.Puniceicoccaceae.Coraliomargarita",0,0,0,0,0,0,0,0,0.82,0,0,0,0,0,0,0,0,0,0,0,0,0
"Bacteria.Verrucomicrobia.Opitutae.Puniceicoccales.Puniceicoccaceae.PuniceicoccaceaeU",0,0,0,0,0,0,0,0,0,0,0,0,0,0,0,0,0,0,0,0,0,0
"Bacteria.Verrucomicrobia.Verrucomicrobiae",0,0,0,0,0,0,0,0,2,0,0,0,0,0,0,0,0,0,0,0,0,0
"Bacteria.Verrucomicrobia.Verrucomicrobiae.Verrucomicrobiales",0,0,0,0,0,0,0,0,2,0,0,0,0,0,0,0,0,0,0,0,0,0
"Bacteria.Verrucomicrobia.Verrucomicrobiae.Verrucomicrobiales.Verrucomicrobiaceae",0,0,0,0,0,0,0,0,2,0,0,0,0,0,0,0,0,0,0,0,0,0
"Bacteria.Verrucomicrobia.Verrucomicrobiae.Verrucomicrobiales.Verrucomicrobiaceae.Akkermansia",0,0,0,0,0,0,0,0,2,0,0,0,0,0,0,0,0,0,0,0,0,0
